[debug] [2025-11-13T00:59:33.171Z] ----------------------------------------------------------------------
[debug] [2025-11-13T00:59:33.173Z] Command:       /Users/ben/.nvm/versions/node/v21.1.0/bin/node /Users/ben/.nvm/versions/node/v21.1.0/bin/firebase deploy --only functions
[debug] [2025-11-13T00:59:33.173Z] CLI Version:   14.24.2
[debug] [2025-11-13T00:59:33.174Z] Platform:      darwin
[debug] [2025-11-13T00:59:33.174Z] Node Version:  v21.1.0
[debug] [2025-11-13T00:59:33.175Z] Time:          Wed Nov 12 2025 16:59:33 GMT-0800 (Pacific Standard Time)
[debug] [2025-11-13T00:59:33.175Z] ----------------------------------------------------------------------
[debug] 
[debug] [2025-11-13T00:59:33.289Z] Object "/functions" in "firebase.json" is missing required property: {"missingProperty":"source"}
[debug] [2025-11-13T00:59:33.290Z] Object "/functions" in "firebase.json" is missing required property: {"missingProperty":"remoteSource"}
[debug] [2025-11-13T00:59:33.290Z] Field "/functions" in "firebase.json" is possibly invalid: must be array
[debug] [2025-11-13T00:59:33.290Z] Field "/functions" in "firebase.json" is possibly invalid: must match a schema in anyOf
[debug] [2025-11-13T00:59:33.295Z] > command requires scopes: ["email","openid","https://www.googleapis.com/auth/cloudplatformprojects.readonly","https://www.googleapis.com/auth/firebase","https://www.googleapis.com/auth/cloud-platform"]
[debug] [2025-11-13T00:59:33.295Z] > authorizing via signed-in user (ben.yue.hu2@gmail.com)
[debug] [2025-11-13T00:59:33.295Z] [iam] checking project catch-72b09 for permissions ["cloudfunctions.functions.create","cloudfunctions.functions.delete","cloudfunctions.functions.get","cloudfunctions.functions.list","cloudfunctions.functions.update","cloudfunctions.operations.get","firebase.projects.get"]
[debug] [2025-11-13T00:59:33.296Z] Checked if tokens are valid: false, expires at: 1762999037443
[debug] [2025-11-13T00:59:33.296Z] Checked if tokens are valid: false, expires at: 1762999037443
[debug] [2025-11-13T00:59:33.297Z] > refreshing access token with scopes: []
[debug] [2025-11-13T00:59:33.298Z] >>> [apiv2][query] POST https://www.googleapis.com/oauth2/v3/token [none]
[debug] [2025-11-13T00:59:33.298Z] >>> [apiv2][body] POST https://www.googleapis.com/oauth2/v3/token [omitted]
[debug] [2025-11-13T00:59:33.400Z] <<< [apiv2][status] POST https://www.googleapis.com/oauth2/v3/token 200
[debug] [2025-11-13T00:59:33.400Z] <<< [apiv2][body] POST https://www.googleapis.com/oauth2/v3/token [omitted]
[debug] [2025-11-13T00:59:33.412Z] >>> [apiv2][query] POST https://cloudresourcemanager.googleapis.com/v1/projects/catch-72b09:testIamPermissions [none]
[debug] [2025-11-13T00:59:33.412Z] >>> [apiv2][(partial)header] POST https://cloudresourcemanager.googleapis.com/v1/projects/catch-72b09:testIamPermissions x-goog-quota-user=projects/catch-72b09
[debug] [2025-11-13T00:59:33.412Z] >>> [apiv2][body] POST https://cloudresourcemanager.googleapis.com/v1/projects/catch-72b09:testIamPermissions {"permissions":["cloudfunctions.functions.create","cloudfunctions.functions.delete","cloudfunctions.functions.get","cloudfunctions.functions.list","cloudfunctions.functions.update","cloudfunctions.operations.get","firebase.projects.get"]}
[debug] [2025-11-13T00:59:33.485Z] <<< [apiv2][status] POST https://cloudresourcemanager.googleapis.com/v1/projects/catch-72b09:testIamPermissions 200
[debug] [2025-11-13T00:59:33.485Z] <<< [apiv2][body] POST https://cloudresourcemanager.googleapis.com/v1/projects/catch-72b09:testIamPermissions {"permissions":["cloudfunctions.functions.create","cloudfunctions.functions.delete","cloudfunctions.functions.get","cloudfunctions.functions.list","cloudfunctions.functions.update","cloudfunctions.operations.get","firebase.projects.get"]}
[debug] [2025-11-13T00:59:33.485Z] Checked if tokens are valid: true, expires at: 1762999172400
[debug] [2025-11-13T00:59:33.485Z] Checked if tokens are valid: true, expires at: 1762999172400
[debug] [2025-11-13T00:59:33.486Z] >>> [apiv2][query] POST https://iam.googleapis.com/v1/projects/catch-72b09/serviceAccounts/catch-72b09@appspot.gserviceaccount.com:testIamPermissions [none]
[debug] [2025-11-13T00:59:33.486Z] >>> [apiv2][body] POST https://iam.googleapis.com/v1/projects/catch-72b09/serviceAccounts/catch-72b09@appspot.gserviceaccount.com:testIamPermissions {"permissions":["iam.serviceAccounts.actAs"]}
[debug] [2025-11-13T00:59:33.690Z] <<< [apiv2][status] POST https://iam.googleapis.com/v1/projects/catch-72b09/serviceAccounts/catch-72b09@appspot.gserviceaccount.com:testIamPermissions 200
[debug] [2025-11-13T00:59:33.690Z] <<< [apiv2][body] POST https://iam.googleapis.com/v1/projects/catch-72b09/serviceAccounts/catch-72b09@appspot.gserviceaccount.com:testIamPermissions {"permissions":["iam.serviceAccounts.actAs"]}
[info] 
[info] === Deploying to 'catch-72b09'...
[info] 
[info] i  deploying functions 
[info] Running command: npm --prefix "$RESOURCE_DIR" run lint
[info] Running command: npm --prefix "$RESOURCE_DIR" run build
[error] 
[error] Error: functions predeploy error: Command terminated with non-zero exit code 2
[debug] [2025-11-13T01:41:29.743Z] ----------------------------------------------------------------------
[debug] [2025-11-13T01:41:29.745Z] Command:       /Users/ben/.nvm/versions/node/v21.1.0/bin/node /Users/ben/.nvm/versions/node/v21.1.0/bin/firebase deploy --only functions
[debug] [2025-11-13T01:41:29.746Z] CLI Version:   14.24.2
[debug] [2025-11-13T01:41:29.746Z] Platform:      darwin
[debug] [2025-11-13T01:41:29.746Z] Node Version:  v21.1.0
[debug] [2025-11-13T01:41:29.747Z] Time:          Wed Nov 12 2025 17:41:29 GMT-0800 (Pacific Standard Time)
[debug] [2025-11-13T01:41:29.747Z] ----------------------------------------------------------------------
[debug] 
[debug] [2025-11-13T01:41:29.863Z] Object "/functions" in "firebase.json" is missing required property: {"missingProperty":"source"}
[debug] [2025-11-13T01:41:29.865Z] Object "/functions" in "firebase.json" is missing required property: {"missingProperty":"remoteSource"}
[debug] [2025-11-13T01:41:29.865Z] Field "/functions" in "firebase.json" is possibly invalid: must be array
[debug] [2025-11-13T01:41:29.865Z] Field "/functions" in "firebase.json" is possibly invalid: must match a schema in anyOf
[debug] [2025-11-13T01:41:29.869Z] > command requires scopes: ["email","openid","https://www.googleapis.com/auth/cloudplatformprojects.readonly","https://www.googleapis.com/auth/firebase","https://www.googleapis.com/auth/cloud-platform"]
[debug] [2025-11-13T01:41:29.870Z] > authorizing via signed-in user (ben.yue.hu2@gmail.com)
[debug] [2025-11-13T01:41:29.870Z] [iam] checking project catch-72b09 for permissions ["cloudfunctions.functions.create","cloudfunctions.functions.delete","cloudfunctions.functions.get","cloudfunctions.functions.list","cloudfunctions.functions.update","cloudfunctions.operations.get","firebase.projects.get"]
[debug] [2025-11-13T01:41:29.871Z] Checked if tokens are valid: true, expires at: 1762999172400
[debug] [2025-11-13T01:41:29.871Z] Checked if tokens are valid: true, expires at: 1762999172400
[debug] [2025-11-13T01:41:29.872Z] >>> [apiv2][query] POST https://cloudresourcemanager.googleapis.com/v1/projects/catch-72b09:testIamPermissions [none]
[debug] [2025-11-13T01:41:29.873Z] >>> [apiv2][(partial)header] POST https://cloudresourcemanager.googleapis.com/v1/projects/catch-72b09:testIamPermissions x-goog-quota-user=projects/catch-72b09
[debug] [2025-11-13T01:41:29.873Z] >>> [apiv2][body] POST https://cloudresourcemanager.googleapis.com/v1/projects/catch-72b09:testIamPermissions {"permissions":["cloudfunctions.functions.create","cloudfunctions.functions.delete","cloudfunctions.functions.get","cloudfunctions.functions.list","cloudfunctions.functions.update","cloudfunctions.operations.get","firebase.projects.get"]}
[debug] [2025-11-13T01:41:29.987Z] <<< [apiv2][status] POST https://cloudresourcemanager.googleapis.com/v1/projects/catch-72b09:testIamPermissions 200
[debug] [2025-11-13T01:41:29.987Z] <<< [apiv2][body] POST https://cloudresourcemanager.googleapis.com/v1/projects/catch-72b09:testIamPermissions {"permissions":["cloudfunctions.functions.create","cloudfunctions.functions.delete","cloudfunctions.functions.get","cloudfunctions.functions.list","cloudfunctions.functions.update","cloudfunctions.operations.get","firebase.projects.get"]}
[debug] [2025-11-13T01:41:29.987Z] Checked if tokens are valid: true, expires at: 1762999172400
[debug] [2025-11-13T01:41:29.987Z] Checked if tokens are valid: true, expires at: 1762999172400
[debug] [2025-11-13T01:41:29.988Z] >>> [apiv2][query] POST https://iam.googleapis.com/v1/projects/catch-72b09/serviceAccounts/catch-72b09@appspot.gserviceaccount.com:testIamPermissions [none]
[debug] [2025-11-13T01:41:29.988Z] >>> [apiv2][body] POST https://iam.googleapis.com/v1/projects/catch-72b09/serviceAccounts/catch-72b09@appspot.gserviceaccount.com:testIamPermissions {"permissions":["iam.serviceAccounts.actAs"]}
[debug] [2025-11-13T01:41:30.175Z] <<< [apiv2][status] POST https://iam.googleapis.com/v1/projects/catch-72b09/serviceAccounts/catch-72b09@appspot.gserviceaccount.com:testIamPermissions 200
[debug] [2025-11-13T01:41:30.176Z] <<< [apiv2][body] POST https://iam.googleapis.com/v1/projects/catch-72b09/serviceAccounts/catch-72b09@appspot.gserviceaccount.com:testIamPermissions {"permissions":["iam.serviceAccounts.actAs"]}
[info] 
[info] === Deploying to 'catch-72b09'...
[info] 
[info] i  deploying functions 
[info] Running command: npm --prefix "$RESOURCE_DIR" run lint
[info] Running command: npm --prefix "$RESOURCE_DIR" run build
[info] ✔  functions: Finished running predeploy script. 
[debug] [2025-11-13T01:41:32.916Z] Checked if tokens are valid: true, expires at: 1762999172400
[debug] [2025-11-13T01:41:32.916Z] Checked if tokens are valid: true, expires at: 1762999172400
[debug] [2025-11-13T01:41:32.916Z] >>> [apiv2][query] GET https://cloudresourcemanager.googleapis.com/v1/projects/catch-72b09 [none]
[debug] [2025-11-13T01:41:33.004Z] <<< [apiv2][status] GET https://cloudresourcemanager.googleapis.com/v1/projects/catch-72b09 200
[debug] [2025-11-13T01:41:33.004Z] <<< [apiv2][body] GET https://cloudresourcemanager.googleapis.com/v1/projects/catch-72b09 {"projectNumber":"155445952805","projectId":"catch-72b09","lifecycleState":"ACTIVE","name":"catch","labels":{"firebase":"enabled","firebase-core":"disabled"},"createTime":"2025-10-17T17:35:00.859653Z"}
[info] i  functions: preparing codebase default for deployment 
[info] i  functions: ensuring required API cloudfunctions.googleapis.com is enabled... 
[info] i  functions: ensuring required API cloudbuild.googleapis.com is enabled... 
[info] i  artifactregistry: ensuring required API artifactregistry.googleapis.com is enabled... 
[debug] [2025-11-13T01:41:33.006Z] Checked if tokens are valid: true, expires at: 1762999172400
[debug] [2025-11-13T01:41:33.006Z] Checked if tokens are valid: true, expires at: 1762999172400
[debug] [2025-11-13T01:41:33.006Z] >>> [apiv2][query] GET https://firebase.googleapis.com/v1beta1/projects/catch-72b09/adminSdkConfig [none]
[debug] [2025-11-13T01:41:33.437Z] <<< [apiv2][status] GET https://firebase.googleapis.com/v1beta1/projects/catch-72b09/adminSdkConfig 200
[debug] [2025-11-13T01:41:33.438Z] <<< [apiv2][body] GET https://firebase.googleapis.com/v1beta1/projects/catch-72b09/adminSdkConfig {"projectId":"catch-72b09","storageBucket":"catch-72b09.firebasestorage.app"}
[debug] [2025-11-13T01:41:33.439Z] Checked if tokens are valid: true, expires at: 1762999172400
[debug] [2025-11-13T01:41:33.439Z] Checked if tokens are valid: true, expires at: 1762999172400
[debug] [2025-11-13T01:41:33.439Z] >>> [apiv2][query] GET https://runtimeconfig.googleapis.com/v1beta1/projects/catch-72b09/configs [none]
[debug] [2025-11-13T01:41:33.612Z] <<< [apiv2][status] GET https://runtimeconfig.googleapis.com/v1beta1/projects/catch-72b09/configs 200
[debug] [2025-11-13T01:41:33.613Z] <<< [apiv2][body] GET https://runtimeconfig.googleapis.com/v1beta1/projects/catch-72b09/configs {}
[debug] [2025-11-13T01:41:33.616Z] Validating nodejs source
[warn] ⚠  functions: package.json indicates an outdated version of firebase-functions. Please upgrade using npm install --save firebase-functions@latest in your functions directory. 
[warn] ⚠  functions: Please note that there will be breaking changes when you upgrade. 
[debug] [2025-11-13T01:41:34.043Z] > [functions] package.json contents: {
  "name": "functions",
  "scripts": {
    "lint": "tslint --project tsconfig.json",
    "build": "tsc",
    "serve": "npm run build && firebase emulators:start --only functions",
    "shell": "npm run build && firebase functions:shell",
    "start": "npm run shell",
    "deploy": "firebase deploy --only functions",
    "logs": "firebase functions:log"
  },
  "engines": {
    "node": "20"
  },
  "main": "lib/index.js",
  "dependencies": {
    "firebase": "^12.5.0",
    "firebase-admin": "^8.10.0",
    "firebase-functions": "^3.6.1"
  },
  "devDependencies": {
    "firebase-functions-test": "^0.2.0",
    "tslint": "^5.12.0",
    "typescript": "^5.0.0"
  },
  "private": true
}
[debug] [2025-11-13T01:41:34.043Z] Building nodejs source
[info] i  functions: Loading and analyzing source code for codebase default to determine what to deploy 
[info] i  functions: You are using a version of firebase-functions SDK (3.24.1) that does not have support for the newest Firebase Extensions features. Please update firebase-functions SDK to >=5.1.0 to use them correctly 
[debug] [2025-11-13T01:41:34.043Z] Could not find functions.yaml. Must use http discovery
[debug] [2025-11-13T01:41:34.049Z] Found firebase-functions binary at '/Users/ben/projects/game_dev/catch-app/functions/node_modules/.bin/firebase-functions'
[info] Serving at port 8590

[debug] [2025-11-13T01:41:34.257Z] Got response from /__/functions.yaml {"endpoints":{"validateCatch":{"platform":"gcfv1","labels":{},"callableTrigger":{},"entryPoint":"validateCatch"}},"specVersion":"v1alpha1","requiredAPIs":[]}
[info] shutdown requested via /__/quitquitquit

[info] i  functions: preparing functions directory for uploading... 
[info] i  functions: packaged /Users/ben/projects/game_dev/catch-app/functions (56.15 KB) for uploading 
[debug] [2025-11-13T01:41:39.344Z] Checked if tokens are valid: true, expires at: 1762999172400
[debug] [2025-11-13T01:41:39.344Z] Checked if tokens are valid: true, expires at: 1762999172400
[debug] [2025-11-13T01:41:39.344Z] >>> [apiv2][query] GET https://cloudfunctions.googleapis.com/v1/projects/catch-72b09/locations/-/functions [none]
[debug] [2025-11-13T01:41:39.876Z] <<< [apiv2][status] GET https://cloudfunctions.googleapis.com/v1/projects/catch-72b09/locations/-/functions 200
[debug] [2025-11-13T01:41:39.876Z] <<< [apiv2][body] GET https://cloudfunctions.googleapis.com/v1/projects/catch-72b09/locations/-/functions {"functions":[{"name":"projects/catch-72b09/locations/us-central1/functions/validateCatch","httpsTrigger":{"url":"https://us-central1-catch-72b09.cloudfunctions.net/validateCatch","securityLevel":"SECURE_ALWAYS"},"status":"ACTIVE","entryPoint":"validateCatch","timeout":"60s","availableMemoryMb":256,"serviceAccountEmail":"catch-72b09@appspot.gserviceaccount.com","updateTime":"2025-11-13T01:04:36.208244765Z","versionId":"1","labels":{"deployment-callable":"true","firebase-functions-hash":"ed85ac13d05ca3a5b68a9093028400ff186fa9b9","deployment-tool":"cli-firebase"},"sourceUploadUrl":"https://storage.googleapis.com/uploads-156506351207.us-central1.cloudfunctions.appspot.com/671f6d68-2a08-4b12-a236-d4b1f61d910c.zip","environmentVariables":{"FIREBASE_CONFIG":"{\"projectId\":\"catch-72b09\",\"storageBucket\":\"catch-72b09.firebasestorage.app\"}","GCLOUD_PROJECT":"catch-72b09","EVENTARC_CLOUD_EVENT_SOURCE":"projects/catch-72b09/locations/us-central1/functions/validateCatch"},"runtime":"nodejs20","ingressSettings":"ALLOW_ALL","buildId":"2a7f9c50-0532-43b8-aecd-7dc22ee035e6","buildEnvironmentVariables":{"GOOGLE_NODE_RUN_SCRIPTS":""},"buildName":"projects/155445952805/locations/us-central1/builds/2a7f9c50-0532-43b8-aecd-7dc22ee035e6","dockerRegistry":"ARTIFACT_REGISTRY","automaticUpdatePolicy":{},"buildServiceAccount":"projects/catch-72b09/serviceAccounts/155445952805-compute@developer.gserviceaccount.com","satisfiesPzi":true}]}
[debug] [2025-11-13T01:41:39.877Z] Checked if tokens are valid: true, expires at: 1762999172400
[debug] [2025-11-13T01:41:39.877Z] Checked if tokens are valid: true, expires at: 1762999172400
[debug] [2025-11-13T01:41:39.879Z] >>> [apiv2][query] GET https://cloudfunctions.googleapis.com/v2/projects/catch-72b09/locations/-/functions filter=environment%3D%22GEN_2%22
[debug] [2025-11-13T01:41:40.544Z] <<< [apiv2][status] GET https://cloudfunctions.googleapis.com/v2/projects/catch-72b09/locations/-/functions 200
[debug] [2025-11-13T01:41:40.544Z] <<< [apiv2][body] GET https://cloudfunctions.googleapis.com/v2/projects/catch-72b09/locations/-/functions {}
[debug] [2025-11-13T01:41:40.550Z] Checked if tokens are valid: true, expires at: 1762999172400
[debug] [2025-11-13T01:41:40.550Z] Checked if tokens are valid: true, expires at: 1762999172400
[debug] [2025-11-13T01:41:40.550Z] >>> [apiv2][query] GET https://cloudresourcemanager.googleapis.com/v1/projects/catch-72b09 [none]
[debug] [2025-11-13T01:41:40.668Z] <<< [apiv2][status] GET https://cloudresourcemanager.googleapis.com/v1/projects/catch-72b09 200
[debug] [2025-11-13T01:41:40.668Z] <<< [apiv2][body] GET https://cloudresourcemanager.googleapis.com/v1/projects/catch-72b09 {"projectNumber":"155445952805","projectId":"catch-72b09","lifecycleState":"ACTIVE","name":"catch","labels":{"firebase":"enabled","firebase-core":"disabled"},"createTime":"2025-10-17T17:35:00.859653Z"}
[debug] [2025-11-13T01:41:40.669Z] Checked if tokens are valid: true, expires at: 1762999172400
[debug] [2025-11-13T01:41:40.669Z] Checked if tokens are valid: true, expires at: 1762999172400
[debug] [2025-11-13T01:41:40.670Z] >>> [apiv2][query] POST https://cloudfunctions.googleapis.com/v1/projects/catch-72b09/locations/us-central1/functions:generateUploadUrl [none]
[debug] [2025-11-13T01:41:40.671Z] >>> [apiv2][body] POST https://cloudfunctions.googleapis.com/v1/projects/catch-72b09/locations/us-central1/functions:generateUploadUrl {}
[debug] [2025-11-13T01:41:41.233Z] <<< [apiv2][status] POST https://cloudfunctions.googleapis.com/v1/projects/catch-72b09/locations/us-central1/functions:generateUploadUrl 200
[debug] [2025-11-13T01:41:41.233Z] <<< [apiv2][body] POST https://cloudfunctions.googleapis.com/v1/projects/catch-72b09/locations/us-central1/functions:generateUploadUrl {"uploadUrl":"https://storage.googleapis.com/uploads-156506351207.us-central1.cloudfunctions.appspot.com/f3257365-155e-45db-9a81-807967da32ef.zip?GoogleAccessId=service-155445952805@gcf-admin-robot.iam.gserviceaccount.com&Expires=1762999901&Signature=h4eZf38JIMi0hEx3HJXKWyykhsmjbkFIHkB2Mlwb3XOG2wKij4OEXHtmIAs3i5kjSMexjk1768wsNaOQhXCMEoVP6PhnXJ4hfSJotFXFYa2ul7c9g%2B51wrGhZCdWJehq5ZPLAAAiCRBjdpPUbfi2DGfeyeNKvr24zp8U07lkZiDCmNnRD6ItBtGulQji0ZMR1ezXw%2BIzc1oyhz%2BwiefpPX8y%2B0Cgo4jwNvWPunfc3GKD%2BnaaCE8QXWDt3zMz%2BC8EQMtp5Qdz3TvKWlTJbujex%2BzkD7sbcKUUDDOU1A0vfFhFe5GeTDbq%2BX2xnyapqgCGybqKV%2FYKBHGOQskgs9JHlQ%3D%3D"}
[debug] [2025-11-13T01:41:41.237Z] >>> [apiv2][query] PUT https://storage.googleapis.com/uploads-156506351207.us-central1.cloudfunctions.appspot.com/f3257365-155e-45db-9a81-807967da32ef.zip GoogleAccessId=service-155445952805%40gcf-admin-robot.iam.gserviceaccount.com&Expires=1762999901&Signature=h4eZf38JIMi0hEx3HJXKWyykhsmjbkFIHkB2Mlwb3XOG2wKij4OEXHtmIAs3i5kjSMexjk1768wsNaOQhXCMEoVP6PhnXJ4hfSJotFXFYa2ul7c9g%2B51wrGhZCdWJehq5ZPLAAAiCRBjdpPUbfi2DGfeyeNKvr24zp8U07lkZiDCmNnRD6ItBtGulQji0ZMR1ezXw%2BIzc1oyhz%2BwiefpPX8y%2B0Cgo4jwNvWPunfc3GKD%2BnaaCE8QXWDt3zMz%2BC8EQMtp5Qdz3TvKWlTJbujex%2BzkD7sbcKUUDDOU1A0vfFhFe5GeTDbq%2BX2xnyapqgCGybqKV%2FYKBHGOQskgs9JHlQ%3D%3D
[debug] [2025-11-13T01:41:41.237Z] >>> [apiv2][body] PUT https://storage.googleapis.com/uploads-156506351207.us-central1.cloudfunctions.appspot.com/f3257365-155e-45db-9a81-807967da32ef.zip [stream]
[debug] [2025-11-13T01:41:41.425Z] <<< [apiv2][status] PUT https://storage.googleapis.com/uploads-156506351207.us-central1.cloudfunctions.appspot.com/f3257365-155e-45db-9a81-807967da32ef.zip 200
[debug] [2025-11-13T01:41:41.426Z] <<< [apiv2][body] PUT https://storage.googleapis.com/uploads-156506351207.us-central1.cloudfunctions.appspot.com/f3257365-155e-45db-9a81-807967da32ef.zip [omitted]
[info] ✔  functions: functions source uploaded successfully 
[info] i  functions: updating Node.js 20 (1st Gen) function validateCatch(us-central1)... 
[debug] [2025-11-13T01:41:41.432Z] Checked if tokens are valid: true, expires at: 1762999172400
[debug] [2025-11-13T01:41:41.432Z] Checked if tokens are valid: true, expires at: 1762999172400
[debug] [2025-11-13T01:41:41.433Z] >>> [apiv2][query] PATCH https://cloudfunctions.googleapis.com/v1/projects/catch-72b09/locations/us-central1/functions/validateCatch updateMask=name%2CsourceUploadUrl%2CentryPoint%2Cruntime%2CdockerRegistry%2Clabels%2ChttpsTrigger.securityLevel%2CenvironmentVariables%2CavailableMemoryMb%2CsourceToken%2CbuildEnvironmentVariables
[debug] [2025-11-13T01:41:41.433Z] >>> [apiv2][body] PATCH https://cloudfunctions.googleapis.com/v1/projects/catch-72b09/locations/us-central1/functions/validateCatch {"name":"projects/catch-72b09/locations/us-central1/functions/validateCatch","sourceUploadUrl":"https://storage.googleapis.com/uploads-156506351207.us-central1.cloudfunctions.appspot.com/f3257365-155e-45db-9a81-807967da32ef.zip?GoogleAccessId=service-155445952805@gcf-admin-robot.iam.gserviceaccount.com&Expires=1762999901&Signature=h4eZf38JIMi0hEx3HJXKWyykhsmjbkFIHkB2Mlwb3XOG2wKij4OEXHtmIAs3i5kjSMexjk1768wsNaOQhXCMEoVP6PhnXJ4hfSJotFXFYa2ul7c9g%2B51wrGhZCdWJehq5ZPLAAAiCRBjdpPUbfi2DGfeyeNKvr24zp8U07lkZiDCmNnRD6ItBtGulQji0ZMR1ezXw%2BIzc1oyhz%2BwiefpPX8y%2B0Cgo4jwNvWPunfc3GKD%2BnaaCE8QXWDt3zMz%2BC8EQMtp5Qdz3TvKWlTJbujex%2BzkD7sbcKUUDDOU1A0vfFhFe5GeTDbq%2BX2xnyapqgCGybqKV%2FYKBHGOQskgs9JHlQ%3D%3D","entryPoint":"validateCatch","runtime":"nodejs20","dockerRegistry":"ARTIFACT_REGISTRY","labels":{"deployment-tool":"cli-firebase","deployment-callable":"true","firebase-functions-hash":"f44487d5a91d453916b43490508a48c8f7a14d30"},"httpsTrigger":{"securityLevel":"SECURE_ALWAYS"},"environmentVariables":{"FIREBASE_CONFIG":"{\"projectId\":\"catch-72b09\",\"storageBucket\":\"catch-72b09.firebasestorage.app\"}","GCLOUD_PROJECT":"catch-72b09","EVENTARC_CLOUD_EVENT_SOURCE":"projects/catch-72b09/locations/us-central1/functions/validateCatch"},"availableMemoryMb":256,"buildEnvironmentVariables":{"GOOGLE_NODE_RUN_SCRIPTS":""}}
[debug] [2025-11-13T01:41:41.898Z] <<< [apiv2][status] PATCH https://cloudfunctions.googleapis.com/v1/projects/catch-72b09/locations/us-central1/functions/validateCatch 200
[debug] [2025-11-13T01:41:41.898Z] <<< [apiv2][body] PATCH https://cloudfunctions.googleapis.com/v1/projects/catch-72b09/locations/us-central1/functions/validateCatch {"name":"operations/Y2F0Y2gtNzJiMDkvdXMtY2VudHJhbDEvdmFsaWRhdGVDYXRjaC9WclIzMDF2TWQ0WQ","metadata":{"@type":"type.googleapis.com/google.cloud.functions.v1.OperationMetadataV1","target":"projects/catch-72b09/locations/us-central1/functions/validateCatch","type":"UPDATE_FUNCTION","request":{"@type":"type.googleapis.com/google.cloud.functions.v1.CloudFunction","name":"projects/catch-72b09/locations/us-central1/functions/validateCatch","httpsTrigger":{"url":"https://us-central1-catch-72b09.cloudfunctions.net/validateCatch","securityLevel":"SECURE_ALWAYS"},"status":"ACTIVE","entryPoint":"validateCatch","timeout":"60s","availableMemoryMb":256,"serviceAccountEmail":"catch-72b09@appspot.gserviceaccount.com","updateTime":"2025-11-13T01:04:34.630Z","versionId":"1","labels":{"deployment-tool":"cli-firebase","deployment-callable":"true","firebase-functions-hash":"f44487d5a91d453916b43490508a48c8f7a14d30"},"sourceUploadUrl":"https://storage.googleapis.com/uploads-156506351207.us-central1.cloudfunctions.appspot.com/f3257365-155e-45db-9a81-807967da32ef.zip?GoogleAccessId=service-155445952805@gcf-admin-robot.iam.gserviceaccount.com&Expires=1762999901&Signature=h4eZf38JIMi0hEx3HJXKWyykhsmjbkFIHkB2Mlwb3XOG2wKij4OEXHtmIAs3i5kjSMexjk1768wsNaOQhXCMEoVP6PhnXJ4hfSJotFXFYa2ul7c9g%2B51wrGhZCdWJehq5ZPLAAAiCRBjdpPUbfi2DGfeyeNKvr24zp8U07lkZiDCmNnRD6ItBtGulQji0ZMR1ezXw%2BIzc1oyhz%2BwiefpPX8y%2B0Cgo4jwNvWPunfc3GKD%2BnaaCE8QXWDt3zMz%2BC8EQMtp5Qdz3TvKWlTJbujex%2BzkD7sbcKUUDDOU1A0vfFhFe5GeTDbq%2BX2xnyapqgCGybqKV%2FYKBHGOQskgs9JHlQ%3D%3D","environmentVariables":{"FIREBASE_CONFIG":"{\"projectId\":\"catch-72b09\",\"storageBucket\":\"catch-72b09.firebasestorage.app\"}","GCLOUD_PROJECT":"catch-72b09","EVENTARC_CLOUD_EVENT_SOURCE":"projects/catch-72b09/locations/us-central1/functions/validateCatch"},"runtime":"nodejs20","ingressSettings":"ALLOW_ALL","buildId":"2a7f9c50-0532-43b8-aecd-7dc22ee035e6","buildEnvironmentVariables":{"GOOGLE_NODE_RUN_SCRIPTS":""},"buildName":"projects/155445952805/locations/us-central1/builds/2a7f9c50-0532-43b8-aecd-7dc22ee035e6","dockerRegistry":"ARTIFACT_REGISTRY","automaticUpdatePolicy":{},"buildServiceAccount":"projects/catch-72b09/serviceAccounts/155445952805-compute@developer.gserviceaccount.com"},"versionId":"2","updateTime":"2025-11-13T01:41:41Z"}}
[debug] [2025-11-13T01:41:41.900Z] Checked if tokens are valid: true, expires at: 1762999172400
[debug] [2025-11-13T01:41:41.900Z] Checked if tokens are valid: true, expires at: 1762999172400
[debug] [2025-11-13T01:41:41.900Z] >>> [apiv2][query] GET https://cloudfunctions.googleapis.com/v1/operations/Y2F0Y2gtNzJiMDkvdXMtY2VudHJhbDEvdmFsaWRhdGVDYXRjaC9WclIzMDF2TWQ0WQ [none]
[debug] [2025-11-13T01:41:42.188Z] <<< [apiv2][status] GET https://cloudfunctions.googleapis.com/v1/operations/Y2F0Y2gtNzJiMDkvdXMtY2VudHJhbDEvdmFsaWRhdGVDYXRjaC9WclIzMDF2TWQ0WQ 200
[debug] [2025-11-13T01:41:42.189Z] <<< [apiv2][body] GET https://cloudfunctions.googleapis.com/v1/operations/Y2F0Y2gtNzJiMDkvdXMtY2VudHJhbDEvdmFsaWRhdGVDYXRjaC9WclIzMDF2TWQ0WQ {"name":"operations/Y2F0Y2gtNzJiMDkvdXMtY2VudHJhbDEvdmFsaWRhdGVDYXRjaC9WclIzMDF2TWQ0WQ","metadata":{"@type":"type.googleapis.com/google.cloud.functions.v1.OperationMetadataV1","target":"projects/catch-72b09/locations/us-central1/functions/validateCatch","type":"UPDATE_FUNCTION","request":{"@type":"type.googleapis.com/google.cloud.functions.v1.CloudFunction","name":"projects/catch-72b09/locations/us-central1/functions/validateCatch","httpsTrigger":{"url":"https://us-central1-catch-72b09.cloudfunctions.net/validateCatch","securityLevel":"SECURE_ALWAYS"},"status":"ACTIVE","entryPoint":"validateCatch","timeout":"60s","availableMemoryMb":256,"serviceAccountEmail":"catch-72b09@appspot.gserviceaccount.com","updateTime":"2025-11-13T01:04:34.630Z","versionId":"1","labels":{"deployment-tool":"cli-firebase","deployment-callable":"true","firebase-functions-hash":"f44487d5a91d453916b43490508a48c8f7a14d30"},"sourceUploadUrl":"https://storage.googleapis.com/uploads-156506351207.us-central1.cloudfunctions.appspot.com/f3257365-155e-45db-9a81-807967da32ef.zip?GoogleAccessId=service-155445952805@gcf-admin-robot.iam.gserviceaccount.com&Expires=1762999901&Signature=h4eZf38JIMi0hEx3HJXKWyykhsmjbkFIHkB2Mlwb3XOG2wKij4OEXHtmIAs3i5kjSMexjk1768wsNaOQhXCMEoVP6PhnXJ4hfSJotFXFYa2ul7c9g%2B51wrGhZCdWJehq5ZPLAAAiCRBjdpPUbfi2DGfeyeNKvr24zp8U07lkZiDCmNnRD6ItBtGulQji0ZMR1ezXw%2BIzc1oyhz%2BwiefpPX8y%2B0Cgo4jwNvWPunfc3GKD%2BnaaCE8QXWDt3zMz%2BC8EQMtp5Qdz3TvKWlTJbujex%2BzkD7sbcKUUDDOU1A0vfFhFe5GeTDbq%2BX2xnyapqgCGybqKV%2FYKBHGOQskgs9JHlQ%3D%3D","environmentVariables":{"FIREBASE_CONFIG":"{\"projectId\":\"catch-72b09\",\"storageBucket\":\"catch-72b09.firebasestorage.app\"}","GCLOUD_PROJECT":"catch-72b09","EVENTARC_CLOUD_EVENT_SOURCE":"projects/catch-72b09/locations/us-central1/functions/validateCatch"},"runtime":"nodejs20","ingressSettings":"ALLOW_ALL","buildId":"2a7f9c50-0532-43b8-aecd-7dc22ee035e6","buildEnvironmentVariables":{"GOOGLE_NODE_RUN_SCRIPTS":""},"buildName":"projects/155445952805/locations/us-central1/builds/2a7f9c50-0532-43b8-aecd-7dc22ee035e6","dockerRegistry":"ARTIFACT_REGISTRY","automaticUpdatePolicy":{},"buildServiceAccount":"projects/catch-72b09/serviceAccounts/155445952805-compute@developer.gserviceaccount.com"},"versionId":"2","updateTime":"2025-11-13T01:41:42Z"}}
[debug] [2025-11-13T01:41:42.691Z] [update-default-us-central1-validateCatch] Retrying task index 0
[debug] [2025-11-13T01:41:42.692Z] Checked if tokens are valid: true, expires at: 1762999172400
[debug] [2025-11-13T01:41:42.692Z] Checked if tokens are valid: true, expires at: 1762999172400
[debug] [2025-11-13T01:41:42.693Z] >>> [apiv2][query] GET https://cloudfunctions.googleapis.com/v1/operations/Y2F0Y2gtNzJiMDkvdXMtY2VudHJhbDEvdmFsaWRhdGVDYXRjaC9WclIzMDF2TWQ0WQ [none]
[debug] [2025-11-13T01:41:42.849Z] <<< [apiv2][status] GET https://cloudfunctions.googleapis.com/v1/operations/Y2F0Y2gtNzJiMDkvdXMtY2VudHJhbDEvdmFsaWRhdGVDYXRjaC9WclIzMDF2TWQ0WQ 200
[debug] [2025-11-13T01:41:42.850Z] <<< [apiv2][body] GET https://cloudfunctions.googleapis.com/v1/operations/Y2F0Y2gtNzJiMDkvdXMtY2VudHJhbDEvdmFsaWRhdGVDYXRjaC9WclIzMDF2TWQ0WQ {"name":"operations/Y2F0Y2gtNzJiMDkvdXMtY2VudHJhbDEvdmFsaWRhdGVDYXRjaC9WclIzMDF2TWQ0WQ","metadata":{"@type":"type.googleapis.com/google.cloud.functions.v1.OperationMetadataV1","target":"projects/catch-72b09/locations/us-central1/functions/validateCatch","type":"UPDATE_FUNCTION","request":{"@type":"type.googleapis.com/google.cloud.functions.v1.CloudFunction","name":"projects/catch-72b09/locations/us-central1/functions/validateCatch","httpsTrigger":{"url":"https://us-central1-catch-72b09.cloudfunctions.net/validateCatch","securityLevel":"SECURE_ALWAYS"},"status":"ACTIVE","entryPoint":"validateCatch","timeout":"60s","availableMemoryMb":256,"serviceAccountEmail":"catch-72b09@appspot.gserviceaccount.com","updateTime":"2025-11-13T01:04:34.630Z","versionId":"1","labels":{"deployment-tool":"cli-firebase","deployment-callable":"true","firebase-functions-hash":"f44487d5a91d453916b43490508a48c8f7a14d30"},"sourceUploadUrl":"https://storage.googleapis.com/uploads-156506351207.us-central1.cloudfunctions.appspot.com/f3257365-155e-45db-9a81-807967da32ef.zip?GoogleAccessId=service-155445952805@gcf-admin-robot.iam.gserviceaccount.com&Expires=1762999901&Signature=h4eZf38JIMi0hEx3HJXKWyykhsmjbkFIHkB2Mlwb3XOG2wKij4OEXHtmIAs3i5kjSMexjk1768wsNaOQhXCMEoVP6PhnXJ4hfSJotFXFYa2ul7c9g%2B51wrGhZCdWJehq5ZPLAAAiCRBjdpPUbfi2DGfeyeNKvr24zp8U07lkZiDCmNnRD6ItBtGulQji0ZMR1ezXw%2BIzc1oyhz%2BwiefpPX8y%2B0Cgo4jwNvWPunfc3GKD%2BnaaCE8QXWDt3zMz%2BC8EQMtp5Qdz3TvKWlTJbujex%2BzkD7sbcKUUDDOU1A0vfFhFe5GeTDbq%2BX2xnyapqgCGybqKV%2FYKBHGOQskgs9JHlQ%3D%3D","environmentVariables":{"FIREBASE_CONFIG":"{\"projectId\":\"catch-72b09\",\"storageBucket\":\"catch-72b09.firebasestorage.app\"}","GCLOUD_PROJECT":"catch-72b09","EVENTARC_CLOUD_EVENT_SOURCE":"projects/catch-72b09/locations/us-central1/functions/validateCatch"},"runtime":"nodejs20","ingressSettings":"ALLOW_ALL","buildId":"2a7f9c50-0532-43b8-aecd-7dc22ee035e6","buildEnvironmentVariables":{"GOOGLE_NODE_RUN_SCRIPTS":""},"buildName":"projects/155445952805/locations/us-central1/builds/2a7f9c50-0532-43b8-aecd-7dc22ee035e6","dockerRegistry":"ARTIFACT_REGISTRY","automaticUpdatePolicy":{},"buildServiceAccount":"projects/catch-72b09/serviceAccounts/155445952805-compute@developer.gserviceaccount.com"},"versionId":"2","updateTime":"2025-11-13T01:41:42Z"}}
[debug] [2025-11-13T01:41:43.853Z] [update-default-us-central1-validateCatch] Retrying task index 0
[debug] [2025-11-13T01:41:43.854Z] Checked if tokens are valid: true, expires at: 1762999172400
[debug] [2025-11-13T01:41:43.854Z] Checked if tokens are valid: true, expires at: 1762999172400
[debug] [2025-11-13T01:41:43.855Z] >>> [apiv2][query] GET https://cloudfunctions.googleapis.com/v1/operations/Y2F0Y2gtNzJiMDkvdXMtY2VudHJhbDEvdmFsaWRhdGVDYXRjaC9WclIzMDF2TWQ0WQ [none]
[debug] [2025-11-13T01:41:44.129Z] <<< [apiv2][status] GET https://cloudfunctions.googleapis.com/v1/operations/Y2F0Y2gtNzJiMDkvdXMtY2VudHJhbDEvdmFsaWRhdGVDYXRjaC9WclIzMDF2TWQ0WQ 200
[debug] [2025-11-13T01:41:44.129Z] <<< [apiv2][body] GET https://cloudfunctions.googleapis.com/v1/operations/Y2F0Y2gtNzJiMDkvdXMtY2VudHJhbDEvdmFsaWRhdGVDYXRjaC9WclIzMDF2TWQ0WQ {"name":"operations/Y2F0Y2gtNzJiMDkvdXMtY2VudHJhbDEvdmFsaWRhdGVDYXRjaC9WclIzMDF2TWQ0WQ","metadata":{"@type":"type.googleapis.com/google.cloud.functions.v1.OperationMetadataV1","target":"projects/catch-72b09/locations/us-central1/functions/validateCatch","type":"UPDATE_FUNCTION","request":{"@type":"type.googleapis.com/google.cloud.functions.v1.CloudFunction","name":"projects/catch-72b09/locations/us-central1/functions/validateCatch","httpsTrigger":{"url":"https://us-central1-catch-72b09.cloudfunctions.net/validateCatch","securityLevel":"SECURE_ALWAYS"},"status":"ACTIVE","entryPoint":"validateCatch","timeout":"60s","availableMemoryMb":256,"serviceAccountEmail":"catch-72b09@appspot.gserviceaccount.com","updateTime":"2025-11-13T01:04:34.630Z","versionId":"1","labels":{"deployment-tool":"cli-firebase","deployment-callable":"true","firebase-functions-hash":"f44487d5a91d453916b43490508a48c8f7a14d30"},"sourceUploadUrl":"https://storage.googleapis.com/uploads-156506351207.us-central1.cloudfunctions.appspot.com/f3257365-155e-45db-9a81-807967da32ef.zip?GoogleAccessId=service-155445952805@gcf-admin-robot.iam.gserviceaccount.com&Expires=1762999901&Signature=h4eZf38JIMi0hEx3HJXKWyykhsmjbkFIHkB2Mlwb3XOG2wKij4OEXHtmIAs3i5kjSMexjk1768wsNaOQhXCMEoVP6PhnXJ4hfSJotFXFYa2ul7c9g%2B51wrGhZCdWJehq5ZPLAAAiCRBjdpPUbfi2DGfeyeNKvr24zp8U07lkZiDCmNnRD6ItBtGulQji0ZMR1ezXw%2BIzc1oyhz%2BwiefpPX8y%2B0Cgo4jwNvWPunfc3GKD%2BnaaCE8QXWDt3zMz%2BC8EQMtp5Qdz3TvKWlTJbujex%2BzkD7sbcKUUDDOU1A0vfFhFe5GeTDbq%2BX2xnyapqgCGybqKV%2FYKBHGOQskgs9JHlQ%3D%3D","environmentVariables":{"FIREBASE_CONFIG":"{\"projectId\":\"catch-72b09\",\"storageBucket\":\"catch-72b09.firebasestorage.app\"}","GCLOUD_PROJECT":"catch-72b09","EVENTARC_CLOUD_EVENT_SOURCE":"projects/catch-72b09/locations/us-central1/functions/validateCatch"},"runtime":"nodejs20","ingressSettings":"ALLOW_ALL","buildId":"2a7f9c50-0532-43b8-aecd-7dc22ee035e6","buildEnvironmentVariables":{"GOOGLE_NODE_RUN_SCRIPTS":""},"buildName":"projects/155445952805/locations/us-central1/builds/2a7f9c50-0532-43b8-aecd-7dc22ee035e6","dockerRegistry":"ARTIFACT_REGISTRY","automaticUpdatePolicy":{},"buildServiceAccount":"projects/catch-72b09/serviceAccounts/155445952805-compute@developer.gserviceaccount.com"},"versionId":"2","updateTime":"2025-11-13T01:41:42Z","buildId":"6e3bb234-ded6-4b8e-843b-d5152f5d638f","buildName":"projects/155445952805/locations/us-central1/builds/6e3bb234-ded6-4b8e-843b-d5152f5d638f"}}
[debug] [2025-11-13T01:41:46.129Z] [update-default-us-central1-validateCatch] Retrying task index 0
[debug] [2025-11-13T01:41:46.130Z] Checked if tokens are valid: true, expires at: 1762999172400
[debug] [2025-11-13T01:41:46.130Z] Checked if tokens are valid: true, expires at: 1762999172400
[debug] [2025-11-13T01:41:46.130Z] >>> [apiv2][query] GET https://cloudfunctions.googleapis.com/v1/operations/Y2F0Y2gtNzJiMDkvdXMtY2VudHJhbDEvdmFsaWRhdGVDYXRjaC9WclIzMDF2TWQ0WQ [none]
[debug] [2025-11-13T01:41:46.309Z] <<< [apiv2][status] GET https://cloudfunctions.googleapis.com/v1/operations/Y2F0Y2gtNzJiMDkvdXMtY2VudHJhbDEvdmFsaWRhdGVDYXRjaC9WclIzMDF2TWQ0WQ 200
[debug] [2025-11-13T01:41:46.309Z] <<< [apiv2][body] GET https://cloudfunctions.googleapis.com/v1/operations/Y2F0Y2gtNzJiMDkvdXMtY2VudHJhbDEvdmFsaWRhdGVDYXRjaC9WclIzMDF2TWQ0WQ {"name":"operations/Y2F0Y2gtNzJiMDkvdXMtY2VudHJhbDEvdmFsaWRhdGVDYXRjaC9WclIzMDF2TWQ0WQ","metadata":{"@type":"type.googleapis.com/google.cloud.functions.v1.OperationMetadataV1","target":"projects/catch-72b09/locations/us-central1/functions/validateCatch","type":"UPDATE_FUNCTION","request":{"@type":"type.googleapis.com/google.cloud.functions.v1.CloudFunction","name":"projects/catch-72b09/locations/us-central1/functions/validateCatch","httpsTrigger":{"url":"https://us-central1-catch-72b09.cloudfunctions.net/validateCatch","securityLevel":"SECURE_ALWAYS"},"status":"ACTIVE","entryPoint":"validateCatch","timeout":"60s","availableMemoryMb":256,"serviceAccountEmail":"catch-72b09@appspot.gserviceaccount.com","updateTime":"2025-11-13T01:04:34.630Z","versionId":"1","labels":{"deployment-tool":"cli-firebase","deployment-callable":"true","firebase-functions-hash":"f44487d5a91d453916b43490508a48c8f7a14d30"},"sourceUploadUrl":"https://storage.googleapis.com/uploads-156506351207.us-central1.cloudfunctions.appspot.com/f3257365-155e-45db-9a81-807967da32ef.zip?GoogleAccessId=service-155445952805@gcf-admin-robot.iam.gserviceaccount.com&Expires=1762999901&Signature=h4eZf38JIMi0hEx3HJXKWyykhsmjbkFIHkB2Mlwb3XOG2wKij4OEXHtmIAs3i5kjSMexjk1768wsNaOQhXCMEoVP6PhnXJ4hfSJotFXFYa2ul7c9g%2B51wrGhZCdWJehq5ZPLAAAiCRBjdpPUbfi2DGfeyeNKvr24zp8U07lkZiDCmNnRD6ItBtGulQji0ZMR1ezXw%2BIzc1oyhz%2BwiefpPX8y%2B0Cgo4jwNvWPunfc3GKD%2BnaaCE8QXWDt3zMz%2BC8EQMtp5Qdz3TvKWlTJbujex%2BzkD7sbcKUUDDOU1A0vfFhFe5GeTDbq%2BX2xnyapqgCGybqKV%2FYKBHGOQskgs9JHlQ%3D%3D","environmentVariables":{"FIREBASE_CONFIG":"{\"projectId\":\"catch-72b09\",\"storageBucket\":\"catch-72b09.firebasestorage.app\"}","GCLOUD_PROJECT":"catch-72b09","EVENTARC_CLOUD_EVENT_SOURCE":"projects/catch-72b09/locations/us-central1/functions/validateCatch"},"runtime":"nodejs20","ingressSettings":"ALLOW_ALL","buildId":"2a7f9c50-0532-43b8-aecd-7dc22ee035e6","buildEnvironmentVariables":{"GOOGLE_NODE_RUN_SCRIPTS":""},"buildName":"projects/155445952805/locations/us-central1/builds/2a7f9c50-0532-43b8-aecd-7dc22ee035e6","dockerRegistry":"ARTIFACT_REGISTRY","automaticUpdatePolicy":{},"buildServiceAccount":"projects/catch-72b09/serviceAccounts/155445952805-compute@developer.gserviceaccount.com"},"versionId":"2","updateTime":"2025-11-13T01:41:42Z","buildId":"6e3bb234-ded6-4b8e-843b-d5152f5d638f","buildName":"projects/155445952805/locations/us-central1/builds/6e3bb234-ded6-4b8e-843b-d5152f5d638f"}}
[debug] [2025-11-13T01:41:50.311Z] [update-default-us-central1-validateCatch] Retrying task index 0
[debug] [2025-11-13T01:41:50.312Z] Checked if tokens are valid: true, expires at: 1762999172400
[debug] [2025-11-13T01:41:50.312Z] Checked if tokens are valid: true, expires at: 1762999172400
[debug] [2025-11-13T01:41:50.313Z] >>> [apiv2][query] GET https://cloudfunctions.googleapis.com/v1/operations/Y2F0Y2gtNzJiMDkvdXMtY2VudHJhbDEvdmFsaWRhdGVDYXRjaC9WclIzMDF2TWQ0WQ [none]
[debug] [2025-11-13T01:41:50.428Z] <<< [apiv2][status] GET https://cloudfunctions.googleapis.com/v1/operations/Y2F0Y2gtNzJiMDkvdXMtY2VudHJhbDEvdmFsaWRhdGVDYXRjaC9WclIzMDF2TWQ0WQ 200
[debug] [2025-11-13T01:41:50.429Z] <<< [apiv2][body] GET https://cloudfunctions.googleapis.com/v1/operations/Y2F0Y2gtNzJiMDkvdXMtY2VudHJhbDEvdmFsaWRhdGVDYXRjaC9WclIzMDF2TWQ0WQ {"name":"operations/Y2F0Y2gtNzJiMDkvdXMtY2VudHJhbDEvdmFsaWRhdGVDYXRjaC9WclIzMDF2TWQ0WQ","metadata":{"@type":"type.googleapis.com/google.cloud.functions.v1.OperationMetadataV1","target":"projects/catch-72b09/locations/us-central1/functions/validateCatch","type":"UPDATE_FUNCTION","request":{"@type":"type.googleapis.com/google.cloud.functions.v1.CloudFunction","name":"projects/catch-72b09/locations/us-central1/functions/validateCatch","httpsTrigger":{"url":"https://us-central1-catch-72b09.cloudfunctions.net/validateCatch","securityLevel":"SECURE_ALWAYS"},"status":"ACTIVE","entryPoint":"validateCatch","timeout":"60s","availableMemoryMb":256,"serviceAccountEmail":"catch-72b09@appspot.gserviceaccount.com","updateTime":"2025-11-13T01:04:34.630Z","versionId":"1","labels":{"deployment-tool":"cli-firebase","deployment-callable":"true","firebase-functions-hash":"f44487d5a91d453916b43490508a48c8f7a14d30"},"sourceUploadUrl":"https://storage.googleapis.com/uploads-156506351207.us-central1.cloudfunctions.appspot.com/f3257365-155e-45db-9a81-807967da32ef.zip?GoogleAccessId=service-155445952805@gcf-admin-robot.iam.gserviceaccount.com&Expires=1762999901&Signature=h4eZf38JIMi0hEx3HJXKWyykhsmjbkFIHkB2Mlwb3XOG2wKij4OEXHtmIAs3i5kjSMexjk1768wsNaOQhXCMEoVP6PhnXJ4hfSJotFXFYa2ul7c9g%2B51wrGhZCdWJehq5ZPLAAAiCRBjdpPUbfi2DGfeyeNKvr24zp8U07lkZiDCmNnRD6ItBtGulQji0ZMR1ezXw%2BIzc1oyhz%2BwiefpPX8y%2B0Cgo4jwNvWPunfc3GKD%2BnaaCE8QXWDt3zMz%2BC8EQMtp5Qdz3TvKWlTJbujex%2BzkD7sbcKUUDDOU1A0vfFhFe5GeTDbq%2BX2xnyapqgCGybqKV%2FYKBHGOQskgs9JHlQ%3D%3D","environmentVariables":{"FIREBASE_CONFIG":"{\"projectId\":\"catch-72b09\",\"storageBucket\":\"catch-72b09.firebasestorage.app\"}","GCLOUD_PROJECT":"catch-72b09","EVENTARC_CLOUD_EVENT_SOURCE":"projects/catch-72b09/locations/us-central1/functions/validateCatch"},"runtime":"nodejs20","ingressSettings":"ALLOW_ALL","buildId":"2a7f9c50-0532-43b8-aecd-7dc22ee035e6","buildEnvironmentVariables":{"GOOGLE_NODE_RUN_SCRIPTS":""},"buildName":"projects/155445952805/locations/us-central1/builds/2a7f9c50-0532-43b8-aecd-7dc22ee035e6","dockerRegistry":"ARTIFACT_REGISTRY","automaticUpdatePolicy":{},"buildServiceAccount":"projects/catch-72b09/serviceAccounts/155445952805-compute@developer.gserviceaccount.com"},"versionId":"2","updateTime":"2025-11-13T01:41:42Z","buildId":"6e3bb234-ded6-4b8e-843b-d5152f5d638f","buildName":"projects/155445952805/locations/us-central1/builds/6e3bb234-ded6-4b8e-843b-d5152f5d638f"}}
[debug] [2025-11-13T01:41:58.431Z] [update-default-us-central1-validateCatch] Retrying task index 0
[debug] [2025-11-13T01:41:58.432Z] Checked if tokens are valid: true, expires at: 1762999172400
[debug] [2025-11-13T01:41:58.433Z] Checked if tokens are valid: true, expires at: 1762999172400
[debug] [2025-11-13T01:41:58.433Z] >>> [apiv2][query] GET https://cloudfunctions.googleapis.com/v1/operations/Y2F0Y2gtNzJiMDkvdXMtY2VudHJhbDEvdmFsaWRhdGVDYXRjaC9WclIzMDF2TWQ0WQ [none]
[debug] [2025-11-13T01:41:58.571Z] <<< [apiv2][status] GET https://cloudfunctions.googleapis.com/v1/operations/Y2F0Y2gtNzJiMDkvdXMtY2VudHJhbDEvdmFsaWRhdGVDYXRjaC9WclIzMDF2TWQ0WQ 200
[debug] [2025-11-13T01:41:58.571Z] <<< [apiv2][body] GET https://cloudfunctions.googleapis.com/v1/operations/Y2F0Y2gtNzJiMDkvdXMtY2VudHJhbDEvdmFsaWRhdGVDYXRjaC9WclIzMDF2TWQ0WQ {"name":"operations/Y2F0Y2gtNzJiMDkvdXMtY2VudHJhbDEvdmFsaWRhdGVDYXRjaC9WclIzMDF2TWQ0WQ","metadata":{"@type":"type.googleapis.com/google.cloud.functions.v1.OperationMetadataV1","target":"projects/catch-72b09/locations/us-central1/functions/validateCatch","type":"UPDATE_FUNCTION","request":{"@type":"type.googleapis.com/google.cloud.functions.v1.CloudFunction","name":"projects/catch-72b09/locations/us-central1/functions/validateCatch","httpsTrigger":{"url":"https://us-central1-catch-72b09.cloudfunctions.net/validateCatch","securityLevel":"SECURE_ALWAYS"},"status":"ACTIVE","entryPoint":"validateCatch","timeout":"60s","availableMemoryMb":256,"serviceAccountEmail":"catch-72b09@appspot.gserviceaccount.com","updateTime":"2025-11-13T01:04:34.630Z","versionId":"1","labels":{"deployment-tool":"cli-firebase","deployment-callable":"true","firebase-functions-hash":"f44487d5a91d453916b43490508a48c8f7a14d30"},"sourceUploadUrl":"https://storage.googleapis.com/uploads-156506351207.us-central1.cloudfunctions.appspot.com/f3257365-155e-45db-9a81-807967da32ef.zip?GoogleAccessId=service-155445952805@gcf-admin-robot.iam.gserviceaccount.com&Expires=1762999901&Signature=h4eZf38JIMi0hEx3HJXKWyykhsmjbkFIHkB2Mlwb3XOG2wKij4OEXHtmIAs3i5kjSMexjk1768wsNaOQhXCMEoVP6PhnXJ4hfSJotFXFYa2ul7c9g%2B51wrGhZCdWJehq5ZPLAAAiCRBjdpPUbfi2DGfeyeNKvr24zp8U07lkZiDCmNnRD6ItBtGulQji0ZMR1ezXw%2BIzc1oyhz%2BwiefpPX8y%2B0Cgo4jwNvWPunfc3GKD%2BnaaCE8QXWDt3zMz%2BC8EQMtp5Qdz3TvKWlTJbujex%2BzkD7sbcKUUDDOU1A0vfFhFe5GeTDbq%2BX2xnyapqgCGybqKV%2FYKBHGOQskgs9JHlQ%3D%3D","environmentVariables":{"FIREBASE_CONFIG":"{\"projectId\":\"catch-72b09\",\"storageBucket\":\"catch-72b09.firebasestorage.app\"}","GCLOUD_PROJECT":"catch-72b09","EVENTARC_CLOUD_EVENT_SOURCE":"projects/catch-72b09/locations/us-central1/functions/validateCatch"},"runtime":"nodejs20","ingressSettings":"ALLOW_ALL","buildId":"2a7f9c50-0532-43b8-aecd-7dc22ee035e6","buildEnvironmentVariables":{"GOOGLE_NODE_RUN_SCRIPTS":""},"buildName":"projects/155445952805/locations/us-central1/builds/2a7f9c50-0532-43b8-aecd-7dc22ee035e6","dockerRegistry":"ARTIFACT_REGISTRY","automaticUpdatePolicy":{},"buildServiceAccount":"projects/catch-72b09/serviceAccounts/155445952805-compute@developer.gserviceaccount.com"},"versionId":"2","updateTime":"2025-11-13T01:41:42Z","buildId":"6e3bb234-ded6-4b8e-843b-d5152f5d638f","buildName":"projects/155445952805/locations/us-central1/builds/6e3bb234-ded6-4b8e-843b-d5152f5d638f"}}
[debug] [2025-11-13T01:42:08.574Z] [update-default-us-central1-validateCatch] Retrying task index 0
[debug] [2025-11-13T01:42:08.575Z] Checked if tokens are valid: true, expires at: 1762999172400
[debug] [2025-11-13T01:42:08.575Z] Checked if tokens are valid: true, expires at: 1762999172400
[debug] [2025-11-13T01:42:08.576Z] >>> [apiv2][query] GET https://cloudfunctions.googleapis.com/v1/operations/Y2F0Y2gtNzJiMDkvdXMtY2VudHJhbDEvdmFsaWRhdGVDYXRjaC9WclIzMDF2TWQ0WQ [none]
[debug] [2025-11-13T01:42:08.750Z] <<< [apiv2][status] GET https://cloudfunctions.googleapis.com/v1/operations/Y2F0Y2gtNzJiMDkvdXMtY2VudHJhbDEvdmFsaWRhdGVDYXRjaC9WclIzMDF2TWQ0WQ 200
[debug] [2025-11-13T01:42:08.751Z] <<< [apiv2][body] GET https://cloudfunctions.googleapis.com/v1/operations/Y2F0Y2gtNzJiMDkvdXMtY2VudHJhbDEvdmFsaWRhdGVDYXRjaC9WclIzMDF2TWQ0WQ {"name":"operations/Y2F0Y2gtNzJiMDkvdXMtY2VudHJhbDEvdmFsaWRhdGVDYXRjaC9WclIzMDF2TWQ0WQ","metadata":{"@type":"type.googleapis.com/google.cloud.functions.v1.OperationMetadataV1","target":"projects/catch-72b09/locations/us-central1/functions/validateCatch","type":"UPDATE_FUNCTION","request":{"@type":"type.googleapis.com/google.cloud.functions.v1.CloudFunction","name":"projects/catch-72b09/locations/us-central1/functions/validateCatch","httpsTrigger":{"url":"https://us-central1-catch-72b09.cloudfunctions.net/validateCatch","securityLevel":"SECURE_ALWAYS"},"status":"ACTIVE","entryPoint":"validateCatch","timeout":"60s","availableMemoryMb":256,"serviceAccountEmail":"catch-72b09@appspot.gserviceaccount.com","updateTime":"2025-11-13T01:04:34.630Z","versionId":"1","labels":{"deployment-tool":"cli-firebase","deployment-callable":"true","firebase-functions-hash":"f44487d5a91d453916b43490508a48c8f7a14d30"},"sourceUploadUrl":"https://storage.googleapis.com/uploads-156506351207.us-central1.cloudfunctions.appspot.com/f3257365-155e-45db-9a81-807967da32ef.zip?GoogleAccessId=service-155445952805@gcf-admin-robot.iam.gserviceaccount.com&Expires=1762999901&Signature=h4eZf38JIMi0hEx3HJXKWyykhsmjbkFIHkB2Mlwb3XOG2wKij4OEXHtmIAs3i5kjSMexjk1768wsNaOQhXCMEoVP6PhnXJ4hfSJotFXFYa2ul7c9g%2B51wrGhZCdWJehq5ZPLAAAiCRBjdpPUbfi2DGfeyeNKvr24zp8U07lkZiDCmNnRD6ItBtGulQji0ZMR1ezXw%2BIzc1oyhz%2BwiefpPX8y%2B0Cgo4jwNvWPunfc3GKD%2BnaaCE8QXWDt3zMz%2BC8EQMtp5Qdz3TvKWlTJbujex%2BzkD7sbcKUUDDOU1A0vfFhFe5GeTDbq%2BX2xnyapqgCGybqKV%2FYKBHGOQskgs9JHlQ%3D%3D","environmentVariables":{"FIREBASE_CONFIG":"{\"projectId\":\"catch-72b09\",\"storageBucket\":\"catch-72b09.firebasestorage.app\"}","GCLOUD_PROJECT":"catch-72b09","EVENTARC_CLOUD_EVENT_SOURCE":"projects/catch-72b09/locations/us-central1/functions/validateCatch"},"runtime":"nodejs20","ingressSettings":"ALLOW_ALL","buildId":"2a7f9c50-0532-43b8-aecd-7dc22ee035e6","buildEnvironmentVariables":{"GOOGLE_NODE_RUN_SCRIPTS":""},"buildName":"projects/155445952805/locations/us-central1/builds/2a7f9c50-0532-43b8-aecd-7dc22ee035e6","dockerRegistry":"ARTIFACT_REGISTRY","automaticUpdatePolicy":{},"buildServiceAccount":"projects/catch-72b09/serviceAccounts/155445952805-compute@developer.gserviceaccount.com"},"versionId":"2","updateTime":"2025-11-13T01:41:42Z","buildId":"6e3bb234-ded6-4b8e-843b-d5152f5d638f","buildName":"projects/155445952805/locations/us-central1/builds/6e3bb234-ded6-4b8e-843b-d5152f5d638f"}}
[debug] [2025-11-13T01:42:18.753Z] [update-default-us-central1-validateCatch] Retrying task index 0
[debug] [2025-11-13T01:42:18.754Z] Checked if tokens are valid: true, expires at: 1762999172400
[debug] [2025-11-13T01:42:18.754Z] Checked if tokens are valid: true, expires at: 1762999172400
[debug] [2025-11-13T01:42:18.754Z] >>> [apiv2][query] GET https://cloudfunctions.googleapis.com/v1/operations/Y2F0Y2gtNzJiMDkvdXMtY2VudHJhbDEvdmFsaWRhdGVDYXRjaC9WclIzMDF2TWQ0WQ [none]
[debug] [2025-11-13T01:42:19.109Z] <<< [apiv2][status] GET https://cloudfunctions.googleapis.com/v1/operations/Y2F0Y2gtNzJiMDkvdXMtY2VudHJhbDEvdmFsaWRhdGVDYXRjaC9WclIzMDF2TWQ0WQ 200
[debug] [2025-11-13T01:42:19.110Z] <<< [apiv2][body] GET https://cloudfunctions.googleapis.com/v1/operations/Y2F0Y2gtNzJiMDkvdXMtY2VudHJhbDEvdmFsaWRhdGVDYXRjaC9WclIzMDF2TWQ0WQ {"name":"operations/Y2F0Y2gtNzJiMDkvdXMtY2VudHJhbDEvdmFsaWRhdGVDYXRjaC9WclIzMDF2TWQ0WQ","metadata":{"@type":"type.googleapis.com/google.cloud.functions.v1.OperationMetadataV1","target":"projects/catch-72b09/locations/us-central1/functions/validateCatch","type":"UPDATE_FUNCTION","request":{"@type":"type.googleapis.com/google.cloud.functions.v1.CloudFunction","name":"projects/catch-72b09/locations/us-central1/functions/validateCatch","httpsTrigger":{"url":"https://us-central1-catch-72b09.cloudfunctions.net/validateCatch","securityLevel":"SECURE_ALWAYS"},"status":"ACTIVE","entryPoint":"validateCatch","timeout":"60s","availableMemoryMb":256,"serviceAccountEmail":"catch-72b09@appspot.gserviceaccount.com","updateTime":"2025-11-13T01:04:34.630Z","versionId":"1","labels":{"deployment-tool":"cli-firebase","deployment-callable":"true","firebase-functions-hash":"f44487d5a91d453916b43490508a48c8f7a14d30"},"sourceUploadUrl":"https://storage.googleapis.com/uploads-156506351207.us-central1.cloudfunctions.appspot.com/f3257365-155e-45db-9a81-807967da32ef.zip?GoogleAccessId=service-155445952805@gcf-admin-robot.iam.gserviceaccount.com&Expires=1762999901&Signature=h4eZf38JIMi0hEx3HJXKWyykhsmjbkFIHkB2Mlwb3XOG2wKij4OEXHtmIAs3i5kjSMexjk1768wsNaOQhXCMEoVP6PhnXJ4hfSJotFXFYa2ul7c9g%2B51wrGhZCdWJehq5ZPLAAAiCRBjdpPUbfi2DGfeyeNKvr24zp8U07lkZiDCmNnRD6ItBtGulQji0ZMR1ezXw%2BIzc1oyhz%2BwiefpPX8y%2B0Cgo4jwNvWPunfc3GKD%2BnaaCE8QXWDt3zMz%2BC8EQMtp5Qdz3TvKWlTJbujex%2BzkD7sbcKUUDDOU1A0vfFhFe5GeTDbq%2BX2xnyapqgCGybqKV%2FYKBHGOQskgs9JHlQ%3D%3D","environmentVariables":{"FIREBASE_CONFIG":"{\"projectId\":\"catch-72b09\",\"storageBucket\":\"catch-72b09.firebasestorage.app\"}","GCLOUD_PROJECT":"catch-72b09","EVENTARC_CLOUD_EVENT_SOURCE":"projects/catch-72b09/locations/us-central1/functions/validateCatch"},"runtime":"nodejs20","ingressSettings":"ALLOW_ALL","buildId":"2a7f9c50-0532-43b8-aecd-7dc22ee035e6","buildEnvironmentVariables":{"GOOGLE_NODE_RUN_SCRIPTS":""},"buildName":"projects/155445952805/locations/us-central1/builds/2a7f9c50-0532-43b8-aecd-7dc22ee035e6","dockerRegistry":"ARTIFACT_REGISTRY","automaticUpdatePolicy":{},"buildServiceAccount":"projects/catch-72b09/serviceAccounts/155445952805-compute@developer.gserviceaccount.com"},"versionId":"2","updateTime":"2025-11-13T01:41:42Z","buildId":"6e3bb234-ded6-4b8e-843b-d5152f5d638f","buildName":"projects/155445952805/locations/us-central1/builds/6e3bb234-ded6-4b8e-843b-d5152f5d638f"}}
[debug] [2025-11-13T01:42:29.111Z] [update-default-us-central1-validateCatch] Retrying task index 0
[debug] [2025-11-13T01:42:29.112Z] Checked if tokens are valid: true, expires at: 1762999172400
[debug] [2025-11-13T01:42:29.112Z] Checked if tokens are valid: true, expires at: 1762999172400
[debug] [2025-11-13T01:42:29.113Z] >>> [apiv2][query] GET https://cloudfunctions.googleapis.com/v1/operations/Y2F0Y2gtNzJiMDkvdXMtY2VudHJhbDEvdmFsaWRhdGVDYXRjaC9WclIzMDF2TWQ0WQ [none]
[debug] [2025-11-13T01:42:29.451Z] <<< [apiv2][status] GET https://cloudfunctions.googleapis.com/v1/operations/Y2F0Y2gtNzJiMDkvdXMtY2VudHJhbDEvdmFsaWRhdGVDYXRjaC9WclIzMDF2TWQ0WQ 200
[debug] [2025-11-13T01:42:29.451Z] <<< [apiv2][body] GET https://cloudfunctions.googleapis.com/v1/operations/Y2F0Y2gtNzJiMDkvdXMtY2VudHJhbDEvdmFsaWRhdGVDYXRjaC9WclIzMDF2TWQ0WQ {"name":"operations/Y2F0Y2gtNzJiMDkvdXMtY2VudHJhbDEvdmFsaWRhdGVDYXRjaC9WclIzMDF2TWQ0WQ","metadata":{"@type":"type.googleapis.com/google.cloud.functions.v1.OperationMetadataV1","target":"projects/catch-72b09/locations/us-central1/functions/validateCatch","type":"UPDATE_FUNCTION","request":{"@type":"type.googleapis.com/google.cloud.functions.v1.CloudFunction","name":"projects/catch-72b09/locations/us-central1/functions/validateCatch","httpsTrigger":{"url":"https://us-central1-catch-72b09.cloudfunctions.net/validateCatch","securityLevel":"SECURE_ALWAYS"},"status":"ACTIVE","entryPoint":"validateCatch","timeout":"60s","availableMemoryMb":256,"serviceAccountEmail":"catch-72b09@appspot.gserviceaccount.com","updateTime":"2025-11-13T01:04:34.630Z","versionId":"1","labels":{"deployment-tool":"cli-firebase","deployment-callable":"true","firebase-functions-hash":"f44487d5a91d453916b43490508a48c8f7a14d30"},"sourceUploadUrl":"https://storage.googleapis.com/uploads-156506351207.us-central1.cloudfunctions.appspot.com/f3257365-155e-45db-9a81-807967da32ef.zip?GoogleAccessId=service-155445952805@gcf-admin-robot.iam.gserviceaccount.com&Expires=1762999901&Signature=h4eZf38JIMi0hEx3HJXKWyykhsmjbkFIHkB2Mlwb3XOG2wKij4OEXHtmIAs3i5kjSMexjk1768wsNaOQhXCMEoVP6PhnXJ4hfSJotFXFYa2ul7c9g%2B51wrGhZCdWJehq5ZPLAAAiCRBjdpPUbfi2DGfeyeNKvr24zp8U07lkZiDCmNnRD6ItBtGulQji0ZMR1ezXw%2BIzc1oyhz%2BwiefpPX8y%2B0Cgo4jwNvWPunfc3GKD%2BnaaCE8QXWDt3zMz%2BC8EQMtp5Qdz3TvKWlTJbujex%2BzkD7sbcKUUDDOU1A0vfFhFe5GeTDbq%2BX2xnyapqgCGybqKV%2FYKBHGOQskgs9JHlQ%3D%3D","environmentVariables":{"FIREBASE_CONFIG":"{\"projectId\":\"catch-72b09\",\"storageBucket\":\"catch-72b09.firebasestorage.app\"}","GCLOUD_PROJECT":"catch-72b09","EVENTARC_CLOUD_EVENT_SOURCE":"projects/catch-72b09/locations/us-central1/functions/validateCatch"},"runtime":"nodejs20","ingressSettings":"ALLOW_ALL","buildId":"2a7f9c50-0532-43b8-aecd-7dc22ee035e6","buildEnvironmentVariables":{"GOOGLE_NODE_RUN_SCRIPTS":""},"buildName":"projects/155445952805/locations/us-central1/builds/2a7f9c50-0532-43b8-aecd-7dc22ee035e6","dockerRegistry":"ARTIFACT_REGISTRY","automaticUpdatePolicy":{},"buildServiceAccount":"projects/catch-72b09/serviceAccounts/155445952805-compute@developer.gserviceaccount.com"},"versionId":"2","updateTime":"2025-11-13T01:41:42Z","buildId":"6e3bb234-ded6-4b8e-843b-d5152f5d638f","buildName":"projects/155445952805/locations/us-central1/builds/6e3bb234-ded6-4b8e-843b-d5152f5d638f"}}
[debug] [2025-11-13T01:42:39.452Z] [update-default-us-central1-validateCatch] Retrying task index 0
[debug] [2025-11-13T01:42:39.453Z] Checked if tokens are valid: true, expires at: 1762999172400
[debug] [2025-11-13T01:42:39.453Z] Checked if tokens are valid: true, expires at: 1762999172400
[debug] [2025-11-13T01:42:39.453Z] >>> [apiv2][query] GET https://cloudfunctions.googleapis.com/v1/operations/Y2F0Y2gtNzJiMDkvdXMtY2VudHJhbDEvdmFsaWRhdGVDYXRjaC9WclIzMDF2TWQ0WQ [none]
[debug] [2025-11-13T01:42:39.605Z] <<< [apiv2][status] GET https://cloudfunctions.googleapis.com/v1/operations/Y2F0Y2gtNzJiMDkvdXMtY2VudHJhbDEvdmFsaWRhdGVDYXRjaC9WclIzMDF2TWQ0WQ 200
[debug] [2025-11-13T01:42:39.606Z] <<< [apiv2][body] GET https://cloudfunctions.googleapis.com/v1/operations/Y2F0Y2gtNzJiMDkvdXMtY2VudHJhbDEvdmFsaWRhdGVDYXRjaC9WclIzMDF2TWQ0WQ {"name":"operations/Y2F0Y2gtNzJiMDkvdXMtY2VudHJhbDEvdmFsaWRhdGVDYXRjaC9WclIzMDF2TWQ0WQ","metadata":{"@type":"type.googleapis.com/google.cloud.functions.v1.OperationMetadataV1","target":"projects/catch-72b09/locations/us-central1/functions/validateCatch","type":"UPDATE_FUNCTION","request":{"@type":"type.googleapis.com/google.cloud.functions.v1.CloudFunction","name":"projects/catch-72b09/locations/us-central1/functions/validateCatch","httpsTrigger":{"url":"https://us-central1-catch-72b09.cloudfunctions.net/validateCatch","securityLevel":"SECURE_ALWAYS"},"status":"ACTIVE","entryPoint":"validateCatch","timeout":"60s","availableMemoryMb":256,"serviceAccountEmail":"catch-72b09@appspot.gserviceaccount.com","updateTime":"2025-11-13T01:04:34.630Z","versionId":"1","labels":{"deployment-tool":"cli-firebase","deployment-callable":"true","firebase-functions-hash":"f44487d5a91d453916b43490508a48c8f7a14d30"},"sourceUploadUrl":"https://storage.googleapis.com/uploads-156506351207.us-central1.cloudfunctions.appspot.com/f3257365-155e-45db-9a81-807967da32ef.zip?GoogleAccessId=service-155445952805@gcf-admin-robot.iam.gserviceaccount.com&Expires=1762999901&Signature=h4eZf38JIMi0hEx3HJXKWyykhsmjbkFIHkB2Mlwb3XOG2wKij4OEXHtmIAs3i5kjSMexjk1768wsNaOQhXCMEoVP6PhnXJ4hfSJotFXFYa2ul7c9g%2B51wrGhZCdWJehq5ZPLAAAiCRBjdpPUbfi2DGfeyeNKvr24zp8U07lkZiDCmNnRD6ItBtGulQji0ZMR1ezXw%2BIzc1oyhz%2BwiefpPX8y%2B0Cgo4jwNvWPunfc3GKD%2BnaaCE8QXWDt3zMz%2BC8EQMtp5Qdz3TvKWlTJbujex%2BzkD7sbcKUUDDOU1A0vfFhFe5GeTDbq%2BX2xnyapqgCGybqKV%2FYKBHGOQskgs9JHlQ%3D%3D","environmentVariables":{"FIREBASE_CONFIG":"{\"projectId\":\"catch-72b09\",\"storageBucket\":\"catch-72b09.firebasestorage.app\"}","GCLOUD_PROJECT":"catch-72b09","EVENTARC_CLOUD_EVENT_SOURCE":"projects/catch-72b09/locations/us-central1/functions/validateCatch"},"runtime":"nodejs20","ingressSettings":"ALLOW_ALL","buildId":"2a7f9c50-0532-43b8-aecd-7dc22ee035e6","buildEnvironmentVariables":{"GOOGLE_NODE_RUN_SCRIPTS":""},"buildName":"projects/155445952805/locations/us-central1/builds/2a7f9c50-0532-43b8-aecd-7dc22ee035e6","dockerRegistry":"ARTIFACT_REGISTRY","automaticUpdatePolicy":{},"buildServiceAccount":"projects/catch-72b09/serviceAccounts/155445952805-compute@developer.gserviceaccount.com"},"versionId":"2","updateTime":"2025-11-13T01:41:42Z","buildId":"6e3bb234-ded6-4b8e-843b-d5152f5d638f","buildName":"projects/155445952805/locations/us-central1/builds/6e3bb234-ded6-4b8e-843b-d5152f5d638f"}}
[debug] [2025-11-13T01:42:49.608Z] [update-default-us-central1-validateCatch] Retrying task index 0
[debug] [2025-11-13T01:42:49.609Z] Checked if tokens are valid: true, expires at: 1762999172400
[debug] [2025-11-13T01:42:49.610Z] Checked if tokens are valid: true, expires at: 1762999172400
[debug] [2025-11-13T01:42:49.610Z] >>> [apiv2][query] GET https://cloudfunctions.googleapis.com/v1/operations/Y2F0Y2gtNzJiMDkvdXMtY2VudHJhbDEvdmFsaWRhdGVDYXRjaC9WclIzMDF2TWQ0WQ [none]
[debug] [2025-11-13T01:42:49.888Z] <<< [apiv2][status] GET https://cloudfunctions.googleapis.com/v1/operations/Y2F0Y2gtNzJiMDkvdXMtY2VudHJhbDEvdmFsaWRhdGVDYXRjaC9WclIzMDF2TWQ0WQ 200
[debug] [2025-11-13T01:42:49.889Z] <<< [apiv2][body] GET https://cloudfunctions.googleapis.com/v1/operations/Y2F0Y2gtNzJiMDkvdXMtY2VudHJhbDEvdmFsaWRhdGVDYXRjaC9WclIzMDF2TWQ0WQ {"name":"operations/Y2F0Y2gtNzJiMDkvdXMtY2VudHJhbDEvdmFsaWRhdGVDYXRjaC9WclIzMDF2TWQ0WQ","metadata":{"@type":"type.googleapis.com/google.cloud.functions.v1.OperationMetadataV1","target":"projects/catch-72b09/locations/us-central1/functions/validateCatch","type":"UPDATE_FUNCTION","request":{"@type":"type.googleapis.com/google.cloud.functions.v1.CloudFunction","name":"projects/catch-72b09/locations/us-central1/functions/validateCatch","httpsTrigger":{"url":"https://us-central1-catch-72b09.cloudfunctions.net/validateCatch","securityLevel":"SECURE_ALWAYS"},"status":"ACTIVE","entryPoint":"validateCatch","timeout":"60s","availableMemoryMb":256,"serviceAccountEmail":"catch-72b09@appspot.gserviceaccount.com","updateTime":"2025-11-13T01:04:34.630Z","versionId":"1","labels":{"deployment-tool":"cli-firebase","deployment-callable":"true","firebase-functions-hash":"f44487d5a91d453916b43490508a48c8f7a14d30"},"sourceUploadUrl":"https://storage.googleapis.com/uploads-156506351207.us-central1.cloudfunctions.appspot.com/f3257365-155e-45db-9a81-807967da32ef.zip?GoogleAccessId=service-155445952805@gcf-admin-robot.iam.gserviceaccount.com&Expires=1762999901&Signature=h4eZf38JIMi0hEx3HJXKWyykhsmjbkFIHkB2Mlwb3XOG2wKij4OEXHtmIAs3i5kjSMexjk1768wsNaOQhXCMEoVP6PhnXJ4hfSJotFXFYa2ul7c9g%2B51wrGhZCdWJehq5ZPLAAAiCRBjdpPUbfi2DGfeyeNKvr24zp8U07lkZiDCmNnRD6ItBtGulQji0ZMR1ezXw%2BIzc1oyhz%2BwiefpPX8y%2B0Cgo4jwNvWPunfc3GKD%2BnaaCE8QXWDt3zMz%2BC8EQMtp5Qdz3TvKWlTJbujex%2BzkD7sbcKUUDDOU1A0vfFhFe5GeTDbq%2BX2xnyapqgCGybqKV%2FYKBHGOQskgs9JHlQ%3D%3D","environmentVariables":{"FIREBASE_CONFIG":"{\"projectId\":\"catch-72b09\",\"storageBucket\":\"catch-72b09.firebasestorage.app\"}","GCLOUD_PROJECT":"catch-72b09","EVENTARC_CLOUD_EVENT_SOURCE":"projects/catch-72b09/locations/us-central1/functions/validateCatch"},"runtime":"nodejs20","ingressSettings":"ALLOW_ALL","buildId":"2a7f9c50-0532-43b8-aecd-7dc22ee035e6","buildEnvironmentVariables":{"GOOGLE_NODE_RUN_SCRIPTS":""},"buildName":"projects/155445952805/locations/us-central1/builds/2a7f9c50-0532-43b8-aecd-7dc22ee035e6","dockerRegistry":"ARTIFACT_REGISTRY","automaticUpdatePolicy":{},"buildServiceAccount":"projects/catch-72b09/serviceAccounts/155445952805-compute@developer.gserviceaccount.com"},"versionId":"2","updateTime":"2025-11-13T01:41:42Z","buildId":"6e3bb234-ded6-4b8e-843b-d5152f5d638f","buildName":"projects/155445952805/locations/us-central1/builds/6e3bb234-ded6-4b8e-843b-d5152f5d638f"}}
[debug] [2025-11-13T01:42:59.890Z] [update-default-us-central1-validateCatch] Retrying task index 0
[debug] [2025-11-13T01:42:59.890Z] Checked if tokens are valid: true, expires at: 1762999172400
[debug] [2025-11-13T01:42:59.890Z] Checked if tokens are valid: true, expires at: 1762999172400
[debug] [2025-11-13T01:42:59.890Z] >>> [apiv2][query] GET https://cloudfunctions.googleapis.com/v1/operations/Y2F0Y2gtNzJiMDkvdXMtY2VudHJhbDEvdmFsaWRhdGVDYXRjaC9WclIzMDF2TWQ0WQ [none]
[debug] [2025-11-13T01:43:00.150Z] <<< [apiv2][status] GET https://cloudfunctions.googleapis.com/v1/operations/Y2F0Y2gtNzJiMDkvdXMtY2VudHJhbDEvdmFsaWRhdGVDYXRjaC9WclIzMDF2TWQ0WQ 200
[debug] [2025-11-13T01:43:00.151Z] <<< [apiv2][body] GET https://cloudfunctions.googleapis.com/v1/operations/Y2F0Y2gtNzJiMDkvdXMtY2VudHJhbDEvdmFsaWRhdGVDYXRjaC9WclIzMDF2TWQ0WQ {"name":"operations/Y2F0Y2gtNzJiMDkvdXMtY2VudHJhbDEvdmFsaWRhdGVDYXRjaC9WclIzMDF2TWQ0WQ","metadata":{"@type":"type.googleapis.com/google.cloud.functions.v1.OperationMetadataV1","target":"projects/catch-72b09/locations/us-central1/functions/validateCatch","type":"UPDATE_FUNCTION","request":{"@type":"type.googleapis.com/google.cloud.functions.v1.CloudFunction","name":"projects/catch-72b09/locations/us-central1/functions/validateCatch","httpsTrigger":{"url":"https://us-central1-catch-72b09.cloudfunctions.net/validateCatch","securityLevel":"SECURE_ALWAYS"},"status":"ACTIVE","entryPoint":"validateCatch","timeout":"60s","availableMemoryMb":256,"serviceAccountEmail":"catch-72b09@appspot.gserviceaccount.com","updateTime":"2025-11-13T01:04:34.630Z","versionId":"1","labels":{"deployment-tool":"cli-firebase","deployment-callable":"true","firebase-functions-hash":"f44487d5a91d453916b43490508a48c8f7a14d30"},"sourceUploadUrl":"https://storage.googleapis.com/uploads-156506351207.us-central1.cloudfunctions.appspot.com/f3257365-155e-45db-9a81-807967da32ef.zip?GoogleAccessId=service-155445952805@gcf-admin-robot.iam.gserviceaccount.com&Expires=1762999901&Signature=h4eZf38JIMi0hEx3HJXKWyykhsmjbkFIHkB2Mlwb3XOG2wKij4OEXHtmIAs3i5kjSMexjk1768wsNaOQhXCMEoVP6PhnXJ4hfSJotFXFYa2ul7c9g%2B51wrGhZCdWJehq5ZPLAAAiCRBjdpPUbfi2DGfeyeNKvr24zp8U07lkZiDCmNnRD6ItBtGulQji0ZMR1ezXw%2BIzc1oyhz%2BwiefpPX8y%2B0Cgo4jwNvWPunfc3GKD%2BnaaCE8QXWDt3zMz%2BC8EQMtp5Qdz3TvKWlTJbujex%2BzkD7sbcKUUDDOU1A0vfFhFe5GeTDbq%2BX2xnyapqgCGybqKV%2FYKBHGOQskgs9JHlQ%3D%3D","environmentVariables":{"FIREBASE_CONFIG":"{\"projectId\":\"catch-72b09\",\"storageBucket\":\"catch-72b09.firebasestorage.app\"}","GCLOUD_PROJECT":"catch-72b09","EVENTARC_CLOUD_EVENT_SOURCE":"projects/catch-72b09/locations/us-central1/functions/validateCatch"},"runtime":"nodejs20","ingressSettings":"ALLOW_ALL","buildId":"2a7f9c50-0532-43b8-aecd-7dc22ee035e6","buildEnvironmentVariables":{"GOOGLE_NODE_RUN_SCRIPTS":""},"buildName":"projects/155445952805/locations/us-central1/builds/2a7f9c50-0532-43b8-aecd-7dc22ee035e6","dockerRegistry":"ARTIFACT_REGISTRY","automaticUpdatePolicy":{},"buildServiceAccount":"projects/catch-72b09/serviceAccounts/155445952805-compute@developer.gserviceaccount.com"},"versionId":"2","updateTime":"2025-11-13T01:41:42Z","buildId":"6e3bb234-ded6-4b8e-843b-d5152f5d638f","sourceToken":"3fb1a5c6-4b08-413f-aa64-1d58df15026c","buildName":"projects/155445952805/locations/us-central1/builds/6e3bb234-ded6-4b8e-843b-d5152f5d638f"}}
[debug] [2025-11-13T01:43:00.151Z] Got source token 3fb1a5c6-4b08-413f-aa64-1d58df15026c for region us-central1
[debug] [2025-11-13T01:43:10.153Z] [update-default-us-central1-validateCatch] Retrying task index 0
[debug] [2025-11-13T01:43:10.154Z] Checked if tokens are valid: true, expires at: 1762999172400
[debug] [2025-11-13T01:43:10.155Z] Checked if tokens are valid: true, expires at: 1762999172400
[debug] [2025-11-13T01:43:10.156Z] >>> [apiv2][query] GET https://cloudfunctions.googleapis.com/v1/operations/Y2F0Y2gtNzJiMDkvdXMtY2VudHJhbDEvdmFsaWRhdGVDYXRjaC9WclIzMDF2TWQ0WQ [none]
[debug] [2025-11-13T01:43:10.514Z] <<< [apiv2][status] GET https://cloudfunctions.googleapis.com/v1/operations/Y2F0Y2gtNzJiMDkvdXMtY2VudHJhbDEvdmFsaWRhdGVDYXRjaC9WclIzMDF2TWQ0WQ 200
[debug] [2025-11-13T01:43:10.514Z] <<< [apiv2][body] GET https://cloudfunctions.googleapis.com/v1/operations/Y2F0Y2gtNzJiMDkvdXMtY2VudHJhbDEvdmFsaWRhdGVDYXRjaC9WclIzMDF2TWQ0WQ {"name":"operations/Y2F0Y2gtNzJiMDkvdXMtY2VudHJhbDEvdmFsaWRhdGVDYXRjaC9WclIzMDF2TWQ0WQ","metadata":{"@type":"type.googleapis.com/google.cloud.functions.v1.OperationMetadataV1","target":"projects/catch-72b09/locations/us-central1/functions/validateCatch","type":"UPDATE_FUNCTION","request":{"@type":"type.googleapis.com/google.cloud.functions.v1.CloudFunction","name":"projects/catch-72b09/locations/us-central1/functions/validateCatch","httpsTrigger":{"url":"https://us-central1-catch-72b09.cloudfunctions.net/validateCatch","securityLevel":"SECURE_ALWAYS"},"status":"ACTIVE","entryPoint":"validateCatch","timeout":"60s","availableMemoryMb":256,"serviceAccountEmail":"catch-72b09@appspot.gserviceaccount.com","updateTime":"2025-11-13T01:04:34.630Z","versionId":"1","labels":{"deployment-tool":"cli-firebase","deployment-callable":"true","firebase-functions-hash":"f44487d5a91d453916b43490508a48c8f7a14d30"},"sourceUploadUrl":"https://storage.googleapis.com/uploads-156506351207.us-central1.cloudfunctions.appspot.com/f3257365-155e-45db-9a81-807967da32ef.zip?GoogleAccessId=service-155445952805@gcf-admin-robot.iam.gserviceaccount.com&Expires=1762999901&Signature=h4eZf38JIMi0hEx3HJXKWyykhsmjbkFIHkB2Mlwb3XOG2wKij4OEXHtmIAs3i5kjSMexjk1768wsNaOQhXCMEoVP6PhnXJ4hfSJotFXFYa2ul7c9g%2B51wrGhZCdWJehq5ZPLAAAiCRBjdpPUbfi2DGfeyeNKvr24zp8U07lkZiDCmNnRD6ItBtGulQji0ZMR1ezXw%2BIzc1oyhz%2BwiefpPX8y%2B0Cgo4jwNvWPunfc3GKD%2BnaaCE8QXWDt3zMz%2BC8EQMtp5Qdz3TvKWlTJbujex%2BzkD7sbcKUUDDOU1A0vfFhFe5GeTDbq%2BX2xnyapqgCGybqKV%2FYKBHGOQskgs9JHlQ%3D%3D","environmentVariables":{"FIREBASE_CONFIG":"{\"projectId\":\"catch-72b09\",\"storageBucket\":\"catch-72b09.firebasestorage.app\"}","GCLOUD_PROJECT":"catch-72b09","EVENTARC_CLOUD_EVENT_SOURCE":"projects/catch-72b09/locations/us-central1/functions/validateCatch"},"runtime":"nodejs20","ingressSettings":"ALLOW_ALL","buildId":"2a7f9c50-0532-43b8-aecd-7dc22ee035e6","buildEnvironmentVariables":{"GOOGLE_NODE_RUN_SCRIPTS":""},"buildName":"projects/155445952805/locations/us-central1/builds/2a7f9c50-0532-43b8-aecd-7dc22ee035e6","dockerRegistry":"ARTIFACT_REGISTRY","automaticUpdatePolicy":{},"buildServiceAccount":"projects/catch-72b09/serviceAccounts/155445952805-compute@developer.gserviceaccount.com"},"versionId":"2","updateTime":"2025-11-13T01:41:42Z","buildId":"6e3bb234-ded6-4b8e-843b-d5152f5d638f","sourceToken":"3fb1a5c6-4b08-413f-aa64-1d58df15026c","buildName":"projects/155445952805/locations/us-central1/builds/6e3bb234-ded6-4b8e-843b-d5152f5d638f"}}
[debug] [2025-11-13T01:43:10.514Z] Got source token 3fb1a5c6-4b08-413f-aa64-1d58df15026c for region us-central1
[debug] [2025-11-13T01:43:20.516Z] [update-default-us-central1-validateCatch] Retrying task index 0
[debug] [2025-11-13T01:43:20.517Z] Checked if tokens are valid: true, expires at: 1762999172400
[debug] [2025-11-13T01:43:20.518Z] Checked if tokens are valid: true, expires at: 1762999172400
[debug] [2025-11-13T01:43:20.518Z] >>> [apiv2][query] GET https://cloudfunctions.googleapis.com/v1/operations/Y2F0Y2gtNzJiMDkvdXMtY2VudHJhbDEvdmFsaWRhdGVDYXRjaC9WclIzMDF2TWQ0WQ [none]
[debug] [2025-11-13T01:43:20.703Z] <<< [apiv2][status] GET https://cloudfunctions.googleapis.com/v1/operations/Y2F0Y2gtNzJiMDkvdXMtY2VudHJhbDEvdmFsaWRhdGVDYXRjaC9WclIzMDF2TWQ0WQ 200
[debug] [2025-11-13T01:43:20.704Z] <<< [apiv2][body] GET https://cloudfunctions.googleapis.com/v1/operations/Y2F0Y2gtNzJiMDkvdXMtY2VudHJhbDEvdmFsaWRhdGVDYXRjaC9WclIzMDF2TWQ0WQ {"name":"operations/Y2F0Y2gtNzJiMDkvdXMtY2VudHJhbDEvdmFsaWRhdGVDYXRjaC9WclIzMDF2TWQ0WQ","metadata":{"@type":"type.googleapis.com/google.cloud.functions.v1.OperationMetadataV1","target":"projects/catch-72b09/locations/us-central1/functions/validateCatch","type":"UPDATE_FUNCTION","request":{"@type":"type.googleapis.com/google.cloud.functions.v1.CloudFunction","name":"projects/catch-72b09/locations/us-central1/functions/validateCatch","httpsTrigger":{"url":"https://us-central1-catch-72b09.cloudfunctions.net/validateCatch","securityLevel":"SECURE_ALWAYS"},"status":"ACTIVE","entryPoint":"validateCatch","timeout":"60s","availableMemoryMb":256,"serviceAccountEmail":"catch-72b09@appspot.gserviceaccount.com","updateTime":"2025-11-13T01:04:34.630Z","versionId":"1","labels":{"deployment-tool":"cli-firebase","deployment-callable":"true","firebase-functions-hash":"f44487d5a91d453916b43490508a48c8f7a14d30"},"sourceUploadUrl":"https://storage.googleapis.com/uploads-156506351207.us-central1.cloudfunctions.appspot.com/f3257365-155e-45db-9a81-807967da32ef.zip?GoogleAccessId=service-155445952805@gcf-admin-robot.iam.gserviceaccount.com&Expires=1762999901&Signature=h4eZf38JIMi0hEx3HJXKWyykhsmjbkFIHkB2Mlwb3XOG2wKij4OEXHtmIAs3i5kjSMexjk1768wsNaOQhXCMEoVP6PhnXJ4hfSJotFXFYa2ul7c9g%2B51wrGhZCdWJehq5ZPLAAAiCRBjdpPUbfi2DGfeyeNKvr24zp8U07lkZiDCmNnRD6ItBtGulQji0ZMR1ezXw%2BIzc1oyhz%2BwiefpPX8y%2B0Cgo4jwNvWPunfc3GKD%2BnaaCE8QXWDt3zMz%2BC8EQMtp5Qdz3TvKWlTJbujex%2BzkD7sbcKUUDDOU1A0vfFhFe5GeTDbq%2BX2xnyapqgCGybqKV%2FYKBHGOQskgs9JHlQ%3D%3D","environmentVariables":{"FIREBASE_CONFIG":"{\"projectId\":\"catch-72b09\",\"storageBucket\":\"catch-72b09.firebasestorage.app\"}","GCLOUD_PROJECT":"catch-72b09","EVENTARC_CLOUD_EVENT_SOURCE":"projects/catch-72b09/locations/us-central1/functions/validateCatch"},"runtime":"nodejs20","ingressSettings":"ALLOW_ALL","buildId":"2a7f9c50-0532-43b8-aecd-7dc22ee035e6","buildEnvironmentVariables":{"GOOGLE_NODE_RUN_SCRIPTS":""},"buildName":"projects/155445952805/locations/us-central1/builds/2a7f9c50-0532-43b8-aecd-7dc22ee035e6","dockerRegistry":"ARTIFACT_REGISTRY","automaticUpdatePolicy":{},"buildServiceAccount":"projects/catch-72b09/serviceAccounts/155445952805-compute@developer.gserviceaccount.com"},"versionId":"2","updateTime":"2025-11-13T01:41:42Z","buildId":"6e3bb234-ded6-4b8e-843b-d5152f5d638f","sourceToken":"3fb1a5c6-4b08-413f-aa64-1d58df15026c","buildName":"projects/155445952805/locations/us-central1/builds/6e3bb234-ded6-4b8e-843b-d5152f5d638f"}}
[debug] [2025-11-13T01:43:20.704Z] Got source token 3fb1a5c6-4b08-413f-aa64-1d58df15026c for region us-central1
[debug] [2025-11-13T01:43:30.705Z] [update-default-us-central1-validateCatch] Retrying task index 0
[debug] [2025-11-13T01:43:30.706Z] Checked if tokens are valid: true, expires at: 1762999172400
[debug] [2025-11-13T01:43:30.706Z] Checked if tokens are valid: true, expires at: 1762999172400
[debug] [2025-11-13T01:43:30.707Z] >>> [apiv2][query] GET https://cloudfunctions.googleapis.com/v1/operations/Y2F0Y2gtNzJiMDkvdXMtY2VudHJhbDEvdmFsaWRhdGVDYXRjaC9WclIzMDF2TWQ0WQ [none]
[debug] [2025-11-13T01:43:30.985Z] <<< [apiv2][status] GET https://cloudfunctions.googleapis.com/v1/operations/Y2F0Y2gtNzJiMDkvdXMtY2VudHJhbDEvdmFsaWRhdGVDYXRjaC9WclIzMDF2TWQ0WQ 200
[debug] [2025-11-13T01:43:30.985Z] <<< [apiv2][body] GET https://cloudfunctions.googleapis.com/v1/operations/Y2F0Y2gtNzJiMDkvdXMtY2VudHJhbDEvdmFsaWRhdGVDYXRjaC9WclIzMDF2TWQ0WQ {"name":"operations/Y2F0Y2gtNzJiMDkvdXMtY2VudHJhbDEvdmFsaWRhdGVDYXRjaC9WclIzMDF2TWQ0WQ","metadata":{"@type":"type.googleapis.com/google.cloud.functions.v1.OperationMetadataV1","target":"projects/catch-72b09/locations/us-central1/functions/validateCatch","type":"UPDATE_FUNCTION","request":{"@type":"type.googleapis.com/google.cloud.functions.v1.CloudFunction","name":"projects/catch-72b09/locations/us-central1/functions/validateCatch","httpsTrigger":{"url":"https://us-central1-catch-72b09.cloudfunctions.net/validateCatch","securityLevel":"SECURE_ALWAYS"},"status":"ACTIVE","entryPoint":"validateCatch","timeout":"60s","availableMemoryMb":256,"serviceAccountEmail":"catch-72b09@appspot.gserviceaccount.com","updateTime":"2025-11-13T01:04:34.630Z","versionId":"1","labels":{"deployment-tool":"cli-firebase","deployment-callable":"true","firebase-functions-hash":"f44487d5a91d453916b43490508a48c8f7a14d30"},"sourceUploadUrl":"https://storage.googleapis.com/uploads-156506351207.us-central1.cloudfunctions.appspot.com/f3257365-155e-45db-9a81-807967da32ef.zip?GoogleAccessId=service-155445952805@gcf-admin-robot.iam.gserviceaccount.com&Expires=1762999901&Signature=h4eZf38JIMi0hEx3HJXKWyykhsmjbkFIHkB2Mlwb3XOG2wKij4OEXHtmIAs3i5kjSMexjk1768wsNaOQhXCMEoVP6PhnXJ4hfSJotFXFYa2ul7c9g%2B51wrGhZCdWJehq5ZPLAAAiCRBjdpPUbfi2DGfeyeNKvr24zp8U07lkZiDCmNnRD6ItBtGulQji0ZMR1ezXw%2BIzc1oyhz%2BwiefpPX8y%2B0Cgo4jwNvWPunfc3GKD%2BnaaCE8QXWDt3zMz%2BC8EQMtp5Qdz3TvKWlTJbujex%2BzkD7sbcKUUDDOU1A0vfFhFe5GeTDbq%2BX2xnyapqgCGybqKV%2FYKBHGOQskgs9JHlQ%3D%3D","environmentVariables":{"FIREBASE_CONFIG":"{\"projectId\":\"catch-72b09\",\"storageBucket\":\"catch-72b09.firebasestorage.app\"}","GCLOUD_PROJECT":"catch-72b09","EVENTARC_CLOUD_EVENT_SOURCE":"projects/catch-72b09/locations/us-central1/functions/validateCatch"},"runtime":"nodejs20","ingressSettings":"ALLOW_ALL","buildId":"2a7f9c50-0532-43b8-aecd-7dc22ee035e6","buildEnvironmentVariables":{"GOOGLE_NODE_RUN_SCRIPTS":""},"buildName":"projects/155445952805/locations/us-central1/builds/2a7f9c50-0532-43b8-aecd-7dc22ee035e6","dockerRegistry":"ARTIFACT_REGISTRY","automaticUpdatePolicy":{},"buildServiceAccount":"projects/catch-72b09/serviceAccounts/155445952805-compute@developer.gserviceaccount.com"},"versionId":"2","updateTime":"2025-11-13T01:41:42Z","buildId":"6e3bb234-ded6-4b8e-843b-d5152f5d638f","sourceToken":"3fb1a5c6-4b08-413f-aa64-1d58df15026c","buildName":"projects/155445952805/locations/us-central1/builds/6e3bb234-ded6-4b8e-843b-d5152f5d638f"}}
[debug] [2025-11-13T01:43:30.986Z] Got source token 3fb1a5c6-4b08-413f-aa64-1d58df15026c for region us-central1
[debug] [2025-11-13T01:43:40.986Z] [update-default-us-central1-validateCatch] Retrying task index 0
[debug] [2025-11-13T01:43:40.987Z] Checked if tokens are valid: true, expires at: 1762999172400
[debug] [2025-11-13T01:43:40.987Z] Checked if tokens are valid: true, expires at: 1762999172400
[debug] [2025-11-13T01:43:40.987Z] >>> [apiv2][query] GET https://cloudfunctions.googleapis.com/v1/operations/Y2F0Y2gtNzJiMDkvdXMtY2VudHJhbDEvdmFsaWRhdGVDYXRjaC9WclIzMDF2TWQ0WQ [none]
[debug] [2025-11-13T01:43:41.265Z] <<< [apiv2][status] GET https://cloudfunctions.googleapis.com/v1/operations/Y2F0Y2gtNzJiMDkvdXMtY2VudHJhbDEvdmFsaWRhdGVDYXRjaC9WclIzMDF2TWQ0WQ 200
[debug] [2025-11-13T01:43:41.266Z] <<< [apiv2][body] GET https://cloudfunctions.googleapis.com/v1/operations/Y2F0Y2gtNzJiMDkvdXMtY2VudHJhbDEvdmFsaWRhdGVDYXRjaC9WclIzMDF2TWQ0WQ {"name":"operations/Y2F0Y2gtNzJiMDkvdXMtY2VudHJhbDEvdmFsaWRhdGVDYXRjaC9WclIzMDF2TWQ0WQ","metadata":{"@type":"type.googleapis.com/google.cloud.functions.v1.OperationMetadataV1","target":"projects/catch-72b09/locations/us-central1/functions/validateCatch","type":"UPDATE_FUNCTION","request":{"@type":"type.googleapis.com/google.cloud.functions.v1.CloudFunction","name":"projects/catch-72b09/locations/us-central1/functions/validateCatch","httpsTrigger":{"url":"https://us-central1-catch-72b09.cloudfunctions.net/validateCatch","securityLevel":"SECURE_ALWAYS"},"status":"ACTIVE","entryPoint":"validateCatch","timeout":"60s","availableMemoryMb":256,"serviceAccountEmail":"catch-72b09@appspot.gserviceaccount.com","updateTime":"2025-11-13T01:04:34.630Z","versionId":"1","labels":{"deployment-tool":"cli-firebase","deployment-callable":"true","firebase-functions-hash":"f44487d5a91d453916b43490508a48c8f7a14d30"},"sourceUploadUrl":"https://storage.googleapis.com/uploads-156506351207.us-central1.cloudfunctions.appspot.com/f3257365-155e-45db-9a81-807967da32ef.zip?GoogleAccessId=service-155445952805@gcf-admin-robot.iam.gserviceaccount.com&Expires=1762999901&Signature=h4eZf38JIMi0hEx3HJXKWyykhsmjbkFIHkB2Mlwb3XOG2wKij4OEXHtmIAs3i5kjSMexjk1768wsNaOQhXCMEoVP6PhnXJ4hfSJotFXFYa2ul7c9g%2B51wrGhZCdWJehq5ZPLAAAiCRBjdpPUbfi2DGfeyeNKvr24zp8U07lkZiDCmNnRD6ItBtGulQji0ZMR1ezXw%2BIzc1oyhz%2BwiefpPX8y%2B0Cgo4jwNvWPunfc3GKD%2BnaaCE8QXWDt3zMz%2BC8EQMtp5Qdz3TvKWlTJbujex%2BzkD7sbcKUUDDOU1A0vfFhFe5GeTDbq%2BX2xnyapqgCGybqKV%2FYKBHGOQskgs9JHlQ%3D%3D","environmentVariables":{"FIREBASE_CONFIG":"{\"projectId\":\"catch-72b09\",\"storageBucket\":\"catch-72b09.firebasestorage.app\"}","GCLOUD_PROJECT":"catch-72b09","EVENTARC_CLOUD_EVENT_SOURCE":"projects/catch-72b09/locations/us-central1/functions/validateCatch"},"runtime":"nodejs20","ingressSettings":"ALLOW_ALL","buildId":"2a7f9c50-0532-43b8-aecd-7dc22ee035e6","buildEnvironmentVariables":{"GOOGLE_NODE_RUN_SCRIPTS":""},"buildName":"projects/155445952805/locations/us-central1/builds/2a7f9c50-0532-43b8-aecd-7dc22ee035e6","dockerRegistry":"ARTIFACT_REGISTRY","automaticUpdatePolicy":{},"buildServiceAccount":"projects/catch-72b09/serviceAccounts/155445952805-compute@developer.gserviceaccount.com"},"versionId":"2","updateTime":"2025-11-13T01:41:42Z","buildId":"6e3bb234-ded6-4b8e-843b-d5152f5d638f","sourceToken":"3fb1a5c6-4b08-413f-aa64-1d58df15026c","buildName":"projects/155445952805/locations/us-central1/builds/6e3bb234-ded6-4b8e-843b-d5152f5d638f"}}
[debug] [2025-11-13T01:43:41.266Z] Got source token 3fb1a5c6-4b08-413f-aa64-1d58df15026c for region us-central1
[debug] [2025-11-13T01:43:51.268Z] [update-default-us-central1-validateCatch] Retrying task index 0
[debug] [2025-11-13T01:43:51.269Z] Checked if tokens are valid: true, expires at: 1762999172400
[debug] [2025-11-13T01:43:51.269Z] Checked if tokens are valid: true, expires at: 1762999172400
[debug] [2025-11-13T01:43:51.270Z] >>> [apiv2][query] GET https://cloudfunctions.googleapis.com/v1/operations/Y2F0Y2gtNzJiMDkvdXMtY2VudHJhbDEvdmFsaWRhdGVDYXRjaC9WclIzMDF2TWQ0WQ [none]
[debug] [2025-11-13T01:43:51.487Z] <<< [apiv2][status] GET https://cloudfunctions.googleapis.com/v1/operations/Y2F0Y2gtNzJiMDkvdXMtY2VudHJhbDEvdmFsaWRhdGVDYXRjaC9WclIzMDF2TWQ0WQ 200
[debug] [2025-11-13T01:43:51.488Z] <<< [apiv2][body] GET https://cloudfunctions.googleapis.com/v1/operations/Y2F0Y2gtNzJiMDkvdXMtY2VudHJhbDEvdmFsaWRhdGVDYXRjaC9WclIzMDF2TWQ0WQ {"name":"operations/Y2F0Y2gtNzJiMDkvdXMtY2VudHJhbDEvdmFsaWRhdGVDYXRjaC9WclIzMDF2TWQ0WQ","metadata":{"@type":"type.googleapis.com/google.cloud.functions.v1.OperationMetadataV1","target":"projects/catch-72b09/locations/us-central1/functions/validateCatch","type":"UPDATE_FUNCTION","request":{"@type":"type.googleapis.com/google.cloud.functions.v1.CloudFunction","name":"projects/catch-72b09/locations/us-central1/functions/validateCatch","httpsTrigger":{"url":"https://us-central1-catch-72b09.cloudfunctions.net/validateCatch","securityLevel":"SECURE_ALWAYS"},"status":"ACTIVE","entryPoint":"validateCatch","timeout":"60s","availableMemoryMb":256,"serviceAccountEmail":"catch-72b09@appspot.gserviceaccount.com","updateTime":"2025-11-13T01:04:34.630Z","versionId":"1","labels":{"deployment-tool":"cli-firebase","deployment-callable":"true","firebase-functions-hash":"f44487d5a91d453916b43490508a48c8f7a14d30"},"sourceUploadUrl":"https://storage.googleapis.com/uploads-156506351207.us-central1.cloudfunctions.appspot.com/f3257365-155e-45db-9a81-807967da32ef.zip?GoogleAccessId=service-155445952805@gcf-admin-robot.iam.gserviceaccount.com&Expires=1762999901&Signature=h4eZf38JIMi0hEx3HJXKWyykhsmjbkFIHkB2Mlwb3XOG2wKij4OEXHtmIAs3i5kjSMexjk1768wsNaOQhXCMEoVP6PhnXJ4hfSJotFXFYa2ul7c9g%2B51wrGhZCdWJehq5ZPLAAAiCRBjdpPUbfi2DGfeyeNKvr24zp8U07lkZiDCmNnRD6ItBtGulQji0ZMR1ezXw%2BIzc1oyhz%2BwiefpPX8y%2B0Cgo4jwNvWPunfc3GKD%2BnaaCE8QXWDt3zMz%2BC8EQMtp5Qdz3TvKWlTJbujex%2BzkD7sbcKUUDDOU1A0vfFhFe5GeTDbq%2BX2xnyapqgCGybqKV%2FYKBHGOQskgs9JHlQ%3D%3D","environmentVariables":{"FIREBASE_CONFIG":"{\"projectId\":\"catch-72b09\",\"storageBucket\":\"catch-72b09.firebasestorage.app\"}","GCLOUD_PROJECT":"catch-72b09","EVENTARC_CLOUD_EVENT_SOURCE":"projects/catch-72b09/locations/us-central1/functions/validateCatch"},"runtime":"nodejs20","ingressSettings":"ALLOW_ALL","buildId":"2a7f9c50-0532-43b8-aecd-7dc22ee035e6","buildEnvironmentVariables":{"GOOGLE_NODE_RUN_SCRIPTS":""},"buildName":"projects/155445952805/locations/us-central1/builds/2a7f9c50-0532-43b8-aecd-7dc22ee035e6","dockerRegistry":"ARTIFACT_REGISTRY","automaticUpdatePolicy":{},"buildServiceAccount":"projects/catch-72b09/serviceAccounts/155445952805-compute@developer.gserviceaccount.com"},"versionId":"2","updateTime":"2025-11-13T01:41:42Z","buildId":"6e3bb234-ded6-4b8e-843b-d5152f5d638f","sourceToken":"3fb1a5c6-4b08-413f-aa64-1d58df15026c","buildName":"projects/155445952805/locations/us-central1/builds/6e3bb234-ded6-4b8e-843b-d5152f5d638f"}}
[debug] [2025-11-13T01:43:51.488Z] Got source token 3fb1a5c6-4b08-413f-aa64-1d58df15026c for region us-central1
[debug] [2025-11-13T01:44:01.489Z] [update-default-us-central1-validateCatch] Retrying task index 0
[debug] [2025-11-13T01:44:01.491Z] Checked if tokens are valid: true, expires at: 1762999172400
[debug] [2025-11-13T01:44:01.491Z] Checked if tokens are valid: true, expires at: 1762999172400
[debug] [2025-11-13T01:44:01.492Z] >>> [apiv2][query] GET https://cloudfunctions.googleapis.com/v1/operations/Y2F0Y2gtNzJiMDkvdXMtY2VudHJhbDEvdmFsaWRhdGVDYXRjaC9WclIzMDF2TWQ0WQ [none]
[debug] [2025-11-13T01:44:01.770Z] <<< [apiv2][status] GET https://cloudfunctions.googleapis.com/v1/operations/Y2F0Y2gtNzJiMDkvdXMtY2VudHJhbDEvdmFsaWRhdGVDYXRjaC9WclIzMDF2TWQ0WQ 200
[debug] [2025-11-13T01:44:01.771Z] <<< [apiv2][body] GET https://cloudfunctions.googleapis.com/v1/operations/Y2F0Y2gtNzJiMDkvdXMtY2VudHJhbDEvdmFsaWRhdGVDYXRjaC9WclIzMDF2TWQ0WQ {"name":"operations/Y2F0Y2gtNzJiMDkvdXMtY2VudHJhbDEvdmFsaWRhdGVDYXRjaC9WclIzMDF2TWQ0WQ","metadata":{"@type":"type.googleapis.com/google.cloud.functions.v1.OperationMetadataV1","target":"projects/catch-72b09/locations/us-central1/functions/validateCatch","type":"UPDATE_FUNCTION","request":{"@type":"type.googleapis.com/google.cloud.functions.v1.CloudFunction","name":"projects/catch-72b09/locations/us-central1/functions/validateCatch","httpsTrigger":{"url":"https://us-central1-catch-72b09.cloudfunctions.net/validateCatch","securityLevel":"SECURE_ALWAYS"},"status":"ACTIVE","entryPoint":"validateCatch","timeout":"60s","availableMemoryMb":256,"serviceAccountEmail":"catch-72b09@appspot.gserviceaccount.com","updateTime":"2025-11-13T01:04:34.630Z","versionId":"1","labels":{"deployment-tool":"cli-firebase","deployment-callable":"true","firebase-functions-hash":"f44487d5a91d453916b43490508a48c8f7a14d30"},"sourceUploadUrl":"https://storage.googleapis.com/uploads-156506351207.us-central1.cloudfunctions.appspot.com/f3257365-155e-45db-9a81-807967da32ef.zip?GoogleAccessId=service-155445952805@gcf-admin-robot.iam.gserviceaccount.com&Expires=1762999901&Signature=h4eZf38JIMi0hEx3HJXKWyykhsmjbkFIHkB2Mlwb3XOG2wKij4OEXHtmIAs3i5kjSMexjk1768wsNaOQhXCMEoVP6PhnXJ4hfSJotFXFYa2ul7c9g%2B51wrGhZCdWJehq5ZPLAAAiCRBjdpPUbfi2DGfeyeNKvr24zp8U07lkZiDCmNnRD6ItBtGulQji0ZMR1ezXw%2BIzc1oyhz%2BwiefpPX8y%2B0Cgo4jwNvWPunfc3GKD%2BnaaCE8QXWDt3zMz%2BC8EQMtp5Qdz3TvKWlTJbujex%2BzkD7sbcKUUDDOU1A0vfFhFe5GeTDbq%2BX2xnyapqgCGybqKV%2FYKBHGOQskgs9JHlQ%3D%3D","environmentVariables":{"FIREBASE_CONFIG":"{\"projectId\":\"catch-72b09\",\"storageBucket\":\"catch-72b09.firebasestorage.app\"}","GCLOUD_PROJECT":"catch-72b09","EVENTARC_CLOUD_EVENT_SOURCE":"projects/catch-72b09/locations/us-central1/functions/validateCatch"},"runtime":"nodejs20","ingressSettings":"ALLOW_ALL","buildId":"2a7f9c50-0532-43b8-aecd-7dc22ee035e6","buildEnvironmentVariables":{"GOOGLE_NODE_RUN_SCRIPTS":""},"buildName":"projects/155445952805/locations/us-central1/builds/2a7f9c50-0532-43b8-aecd-7dc22ee035e6","dockerRegistry":"ARTIFACT_REGISTRY","automaticUpdatePolicy":{},"buildServiceAccount":"projects/catch-72b09/serviceAccounts/155445952805-compute@developer.gserviceaccount.com"},"versionId":"2","updateTime":"2025-11-13T01:41:42Z","buildId":"6e3bb234-ded6-4b8e-843b-d5152f5d638f","sourceToken":"3fb1a5c6-4b08-413f-aa64-1d58df15026c","buildName":"projects/155445952805/locations/us-central1/builds/6e3bb234-ded6-4b8e-843b-d5152f5d638f"}}
[debug] [2025-11-13T01:44:01.771Z] Got source token 3fb1a5c6-4b08-413f-aa64-1d58df15026c for region us-central1
[debug] [2025-11-13T01:44:11.773Z] [update-default-us-central1-validateCatch] Retrying task index 0
[debug] [2025-11-13T01:44:11.774Z] Checked if tokens are valid: true, expires at: 1762999172400
[debug] [2025-11-13T01:44:11.775Z] Checked if tokens are valid: true, expires at: 1762999172400
[debug] [2025-11-13T01:44:11.775Z] >>> [apiv2][query] GET https://cloudfunctions.googleapis.com/v1/operations/Y2F0Y2gtNzJiMDkvdXMtY2VudHJhbDEvdmFsaWRhdGVDYXRjaC9WclIzMDF2TWQ0WQ [none]
[debug] [2025-11-13T01:44:12.066Z] <<< [apiv2][status] GET https://cloudfunctions.googleapis.com/v1/operations/Y2F0Y2gtNzJiMDkvdXMtY2VudHJhbDEvdmFsaWRhdGVDYXRjaC9WclIzMDF2TWQ0WQ 200
[debug] [2025-11-13T01:44:12.066Z] <<< [apiv2][body] GET https://cloudfunctions.googleapis.com/v1/operations/Y2F0Y2gtNzJiMDkvdXMtY2VudHJhbDEvdmFsaWRhdGVDYXRjaC9WclIzMDF2TWQ0WQ {"name":"operations/Y2F0Y2gtNzJiMDkvdXMtY2VudHJhbDEvdmFsaWRhdGVDYXRjaC9WclIzMDF2TWQ0WQ","metadata":{"@type":"type.googleapis.com/google.cloud.functions.v1.OperationMetadataV1","target":"projects/catch-72b09/locations/us-central1/functions/validateCatch","type":"UPDATE_FUNCTION","request":{"@type":"type.googleapis.com/google.cloud.functions.v1.CloudFunction","name":"projects/catch-72b09/locations/us-central1/functions/validateCatch","httpsTrigger":{"url":"https://us-central1-catch-72b09.cloudfunctions.net/validateCatch","securityLevel":"SECURE_ALWAYS"},"status":"ACTIVE","entryPoint":"validateCatch","timeout":"60s","availableMemoryMb":256,"serviceAccountEmail":"catch-72b09@appspot.gserviceaccount.com","updateTime":"2025-11-13T01:04:34.630Z","versionId":"1","labels":{"deployment-tool":"cli-firebase","deployment-callable":"true","firebase-functions-hash":"f44487d5a91d453916b43490508a48c8f7a14d30"},"sourceUploadUrl":"https://storage.googleapis.com/uploads-156506351207.us-central1.cloudfunctions.appspot.com/f3257365-155e-45db-9a81-807967da32ef.zip?GoogleAccessId=service-155445952805@gcf-admin-robot.iam.gserviceaccount.com&Expires=1762999901&Signature=h4eZf38JIMi0hEx3HJXKWyykhsmjbkFIHkB2Mlwb3XOG2wKij4OEXHtmIAs3i5kjSMexjk1768wsNaOQhXCMEoVP6PhnXJ4hfSJotFXFYa2ul7c9g%2B51wrGhZCdWJehq5ZPLAAAiCRBjdpPUbfi2DGfeyeNKvr24zp8U07lkZiDCmNnRD6ItBtGulQji0ZMR1ezXw%2BIzc1oyhz%2BwiefpPX8y%2B0Cgo4jwNvWPunfc3GKD%2BnaaCE8QXWDt3zMz%2BC8EQMtp5Qdz3TvKWlTJbujex%2BzkD7sbcKUUDDOU1A0vfFhFe5GeTDbq%2BX2xnyapqgCGybqKV%2FYKBHGOQskgs9JHlQ%3D%3D","environmentVariables":{"FIREBASE_CONFIG":"{\"projectId\":\"catch-72b09\",\"storageBucket\":\"catch-72b09.firebasestorage.app\"}","GCLOUD_PROJECT":"catch-72b09","EVENTARC_CLOUD_EVENT_SOURCE":"projects/catch-72b09/locations/us-central1/functions/validateCatch"},"runtime":"nodejs20","ingressSettings":"ALLOW_ALL","buildId":"2a7f9c50-0532-43b8-aecd-7dc22ee035e6","buildEnvironmentVariables":{"GOOGLE_NODE_RUN_SCRIPTS":""},"buildName":"projects/155445952805/locations/us-central1/builds/2a7f9c50-0532-43b8-aecd-7dc22ee035e6","dockerRegistry":"ARTIFACT_REGISTRY","automaticUpdatePolicy":{},"buildServiceAccount":"projects/catch-72b09/serviceAccounts/155445952805-compute@developer.gserviceaccount.com"},"versionId":"2","updateTime":"2025-11-13T01:41:42Z","buildId":"6e3bb234-ded6-4b8e-843b-d5152f5d638f","sourceToken":"3fb1a5c6-4b08-413f-aa64-1d58df15026c","buildName":"projects/155445952805/locations/us-central1/builds/6e3bb234-ded6-4b8e-843b-d5152f5d638f"}}
[debug] [2025-11-13T01:44:12.067Z] Got source token 3fb1a5c6-4b08-413f-aa64-1d58df15026c for region us-central1
[debug] [2025-11-13T01:44:22.068Z] [update-default-us-central1-validateCatch] Retrying task index 0
[debug] [2025-11-13T01:44:22.069Z] Checked if tokens are valid: true, expires at: 1762999172400
[debug] [2025-11-13T01:44:22.069Z] Checked if tokens are valid: true, expires at: 1762999172400
[debug] [2025-11-13T01:44:22.070Z] >>> [apiv2][query] GET https://cloudfunctions.googleapis.com/v1/operations/Y2F0Y2gtNzJiMDkvdXMtY2VudHJhbDEvdmFsaWRhdGVDYXRjaC9WclIzMDF2TWQ0WQ [none]
[debug] [2025-11-13T01:44:22.225Z] <<< [apiv2][status] GET https://cloudfunctions.googleapis.com/v1/operations/Y2F0Y2gtNzJiMDkvdXMtY2VudHJhbDEvdmFsaWRhdGVDYXRjaC9WclIzMDF2TWQ0WQ 200
[debug] [2025-11-13T01:44:22.225Z] <<< [apiv2][body] GET https://cloudfunctions.googleapis.com/v1/operations/Y2F0Y2gtNzJiMDkvdXMtY2VudHJhbDEvdmFsaWRhdGVDYXRjaC9WclIzMDF2TWQ0WQ {"name":"operations/Y2F0Y2gtNzJiMDkvdXMtY2VudHJhbDEvdmFsaWRhdGVDYXRjaC9WclIzMDF2TWQ0WQ","metadata":{"@type":"type.googleapis.com/google.cloud.functions.v1.OperationMetadataV1","target":"projects/catch-72b09/locations/us-central1/functions/validateCatch","type":"UPDATE_FUNCTION","request":{"@type":"type.googleapis.com/google.cloud.functions.v1.CloudFunction","name":"projects/catch-72b09/locations/us-central1/functions/validateCatch","httpsTrigger":{"url":"https://us-central1-catch-72b09.cloudfunctions.net/validateCatch","securityLevel":"SECURE_ALWAYS"},"status":"ACTIVE","entryPoint":"validateCatch","timeout":"60s","availableMemoryMb":256,"serviceAccountEmail":"catch-72b09@appspot.gserviceaccount.com","updateTime":"2025-11-13T01:04:34.630Z","versionId":"1","labels":{"deployment-tool":"cli-firebase","deployment-callable":"true","firebase-functions-hash":"f44487d5a91d453916b43490508a48c8f7a14d30"},"sourceUploadUrl":"https://storage.googleapis.com/uploads-156506351207.us-central1.cloudfunctions.appspot.com/f3257365-155e-45db-9a81-807967da32ef.zip?GoogleAccessId=service-155445952805@gcf-admin-robot.iam.gserviceaccount.com&Expires=1762999901&Signature=h4eZf38JIMi0hEx3HJXKWyykhsmjbkFIHkB2Mlwb3XOG2wKij4OEXHtmIAs3i5kjSMexjk1768wsNaOQhXCMEoVP6PhnXJ4hfSJotFXFYa2ul7c9g%2B51wrGhZCdWJehq5ZPLAAAiCRBjdpPUbfi2DGfeyeNKvr24zp8U07lkZiDCmNnRD6ItBtGulQji0ZMR1ezXw%2BIzc1oyhz%2BwiefpPX8y%2B0Cgo4jwNvWPunfc3GKD%2BnaaCE8QXWDt3zMz%2BC8EQMtp5Qdz3TvKWlTJbujex%2BzkD7sbcKUUDDOU1A0vfFhFe5GeTDbq%2BX2xnyapqgCGybqKV%2FYKBHGOQskgs9JHlQ%3D%3D","environmentVariables":{"FIREBASE_CONFIG":"{\"projectId\":\"catch-72b09\",\"storageBucket\":\"catch-72b09.firebasestorage.app\"}","GCLOUD_PROJECT":"catch-72b09","EVENTARC_CLOUD_EVENT_SOURCE":"projects/catch-72b09/locations/us-central1/functions/validateCatch"},"runtime":"nodejs20","ingressSettings":"ALLOW_ALL","buildId":"2a7f9c50-0532-43b8-aecd-7dc22ee035e6","buildEnvironmentVariables":{"GOOGLE_NODE_RUN_SCRIPTS":""},"buildName":"projects/155445952805/locations/us-central1/builds/2a7f9c50-0532-43b8-aecd-7dc22ee035e6","dockerRegistry":"ARTIFACT_REGISTRY","automaticUpdatePolicy":{},"buildServiceAccount":"projects/catch-72b09/serviceAccounts/155445952805-compute@developer.gserviceaccount.com"},"versionId":"2","updateTime":"2025-11-13T01:41:42Z","buildId":"6e3bb234-ded6-4b8e-843b-d5152f5d638f","sourceToken":"3fb1a5c6-4b08-413f-aa64-1d58df15026c","buildName":"projects/155445952805/locations/us-central1/builds/6e3bb234-ded6-4b8e-843b-d5152f5d638f"}}
[debug] [2025-11-13T01:44:22.225Z] Got source token 3fb1a5c6-4b08-413f-aa64-1d58df15026c for region us-central1
[debug] [2025-11-13T01:44:32.226Z] [update-default-us-central1-validateCatch] Retrying task index 0
[debug] [2025-11-13T01:44:32.227Z] Checked if tokens are valid: true, expires at: 1762999172400
[debug] [2025-11-13T01:44:32.227Z] Checked if tokens are valid: true, expires at: 1762999172400
[debug] [2025-11-13T01:44:32.227Z] >>> [apiv2][query] GET https://cloudfunctions.googleapis.com/v1/operations/Y2F0Y2gtNzJiMDkvdXMtY2VudHJhbDEvdmFsaWRhdGVDYXRjaC9WclIzMDF2TWQ0WQ [none]
[debug] [2025-11-13T01:44:32.506Z] <<< [apiv2][status] GET https://cloudfunctions.googleapis.com/v1/operations/Y2F0Y2gtNzJiMDkvdXMtY2VudHJhbDEvdmFsaWRhdGVDYXRjaC9WclIzMDF2TWQ0WQ 200
[debug] [2025-11-13T01:44:32.507Z] <<< [apiv2][body] GET https://cloudfunctions.googleapis.com/v1/operations/Y2F0Y2gtNzJiMDkvdXMtY2VudHJhbDEvdmFsaWRhdGVDYXRjaC9WclIzMDF2TWQ0WQ {"name":"operations/Y2F0Y2gtNzJiMDkvdXMtY2VudHJhbDEvdmFsaWRhdGVDYXRjaC9WclIzMDF2TWQ0WQ","metadata":{"@type":"type.googleapis.com/google.cloud.functions.v1.OperationMetadataV1","target":"projects/catch-72b09/locations/us-central1/functions/validateCatch","type":"UPDATE_FUNCTION","request":{"@type":"type.googleapis.com/google.cloud.functions.v1.CloudFunction","name":"projects/catch-72b09/locations/us-central1/functions/validateCatch","httpsTrigger":{"url":"https://us-central1-catch-72b09.cloudfunctions.net/validateCatch","securityLevel":"SECURE_ALWAYS"},"status":"ACTIVE","entryPoint":"validateCatch","timeout":"60s","availableMemoryMb":256,"serviceAccountEmail":"catch-72b09@appspot.gserviceaccount.com","updateTime":"2025-11-13T01:04:34.630Z","versionId":"1","labels":{"deployment-tool":"cli-firebase","deployment-callable":"true","firebase-functions-hash":"f44487d5a91d453916b43490508a48c8f7a14d30"},"sourceUploadUrl":"https://storage.googleapis.com/uploads-156506351207.us-central1.cloudfunctions.appspot.com/f3257365-155e-45db-9a81-807967da32ef.zip?GoogleAccessId=service-155445952805@gcf-admin-robot.iam.gserviceaccount.com&Expires=1762999901&Signature=h4eZf38JIMi0hEx3HJXKWyykhsmjbkFIHkB2Mlwb3XOG2wKij4OEXHtmIAs3i5kjSMexjk1768wsNaOQhXCMEoVP6PhnXJ4hfSJotFXFYa2ul7c9g%2B51wrGhZCdWJehq5ZPLAAAiCRBjdpPUbfi2DGfeyeNKvr24zp8U07lkZiDCmNnRD6ItBtGulQji0ZMR1ezXw%2BIzc1oyhz%2BwiefpPX8y%2B0Cgo4jwNvWPunfc3GKD%2BnaaCE8QXWDt3zMz%2BC8EQMtp5Qdz3TvKWlTJbujex%2BzkD7sbcKUUDDOU1A0vfFhFe5GeTDbq%2BX2xnyapqgCGybqKV%2FYKBHGOQskgs9JHlQ%3D%3D","environmentVariables":{"FIREBASE_CONFIG":"{\"projectId\":\"catch-72b09\",\"storageBucket\":\"catch-72b09.firebasestorage.app\"}","GCLOUD_PROJECT":"catch-72b09","EVENTARC_CLOUD_EVENT_SOURCE":"projects/catch-72b09/locations/us-central1/functions/validateCatch"},"runtime":"nodejs20","ingressSettings":"ALLOW_ALL","buildId":"2a7f9c50-0532-43b8-aecd-7dc22ee035e6","buildEnvironmentVariables":{"GOOGLE_NODE_RUN_SCRIPTS":""},"buildName":"projects/155445952805/locations/us-central1/builds/2a7f9c50-0532-43b8-aecd-7dc22ee035e6","dockerRegistry":"ARTIFACT_REGISTRY","automaticUpdatePolicy":{},"buildServiceAccount":"projects/catch-72b09/serviceAccounts/155445952805-compute@developer.gserviceaccount.com"},"versionId":"2","updateTime":"2025-11-13T01:41:42Z","buildId":"6e3bb234-ded6-4b8e-843b-d5152f5d638f","sourceToken":"3fb1a5c6-4b08-413f-aa64-1d58df15026c","buildName":"projects/155445952805/locations/us-central1/builds/6e3bb234-ded6-4b8e-843b-d5152f5d638f"}}
[debug] [2025-11-13T01:44:32.507Z] Got source token 3fb1a5c6-4b08-413f-aa64-1d58df15026c for region us-central1
[debug] [2025-11-13T01:44:42.508Z] [update-default-us-central1-validateCatch] Retrying task index 0
[debug] [2025-11-13T01:44:42.509Z] Checked if tokens are valid: false, expires at: 1762999172400
[debug] [2025-11-13T01:44:42.509Z] Checked if tokens are valid: false, expires at: 1762999172400
[debug] [2025-11-13T01:44:42.510Z] > refreshing access token with scopes: []
[debug] [2025-11-13T01:44:42.514Z] >>> [apiv2][query] POST https://www.googleapis.com/oauth2/v3/token [none]
[debug] [2025-11-13T01:44:42.514Z] >>> [apiv2][body] POST https://www.googleapis.com/oauth2/v3/token [omitted]
[debug] [2025-11-13T01:44:42.574Z] <<< [apiv2][status] POST https://www.googleapis.com/oauth2/v3/token 200
[debug] [2025-11-13T01:44:42.574Z] <<< [apiv2][body] POST https://www.googleapis.com/oauth2/v3/token [omitted]
[debug] [2025-11-13T01:44:42.594Z] >>> [apiv2][query] GET https://cloudfunctions.googleapis.com/v1/operations/Y2F0Y2gtNzJiMDkvdXMtY2VudHJhbDEvdmFsaWRhdGVDYXRjaC9WclIzMDF2TWQ0WQ [none]
[debug] [2025-11-13T01:44:42.985Z] <<< [apiv2][status] GET https://cloudfunctions.googleapis.com/v1/operations/Y2F0Y2gtNzJiMDkvdXMtY2VudHJhbDEvdmFsaWRhdGVDYXRjaC9WclIzMDF2TWQ0WQ 200
[debug] [2025-11-13T01:44:42.987Z] <<< [apiv2][body] GET https://cloudfunctions.googleapis.com/v1/operations/Y2F0Y2gtNzJiMDkvdXMtY2VudHJhbDEvdmFsaWRhdGVDYXRjaC9WclIzMDF2TWQ0WQ {"name":"operations/Y2F0Y2gtNzJiMDkvdXMtY2VudHJhbDEvdmFsaWRhdGVDYXRjaC9WclIzMDF2TWQ0WQ","metadata":{"@type":"type.googleapis.com/google.cloud.functions.v1.OperationMetadataV1","target":"projects/catch-72b09/locations/us-central1/functions/validateCatch","type":"UPDATE_FUNCTION","request":{"@type":"type.googleapis.com/google.cloud.functions.v1.CloudFunction","name":"projects/catch-72b09/locations/us-central1/functions/validateCatch","httpsTrigger":{"url":"https://us-central1-catch-72b09.cloudfunctions.net/validateCatch","securityLevel":"SECURE_ALWAYS"},"status":"ACTIVE","entryPoint":"validateCatch","timeout":"60s","availableMemoryMb":256,"serviceAccountEmail":"catch-72b09@appspot.gserviceaccount.com","updateTime":"2025-11-13T01:04:34.630Z","versionId":"1","labels":{"deployment-tool":"cli-firebase","deployment-callable":"true","firebase-functions-hash":"f44487d5a91d453916b43490508a48c8f7a14d30"},"sourceUploadUrl":"https://storage.googleapis.com/uploads-156506351207.us-central1.cloudfunctions.appspot.com/f3257365-155e-45db-9a81-807967da32ef.zip?GoogleAccessId=service-155445952805@gcf-admin-robot.iam.gserviceaccount.com&Expires=1762999901&Signature=h4eZf38JIMi0hEx3HJXKWyykhsmjbkFIHkB2Mlwb3XOG2wKij4OEXHtmIAs3i5kjSMexjk1768wsNaOQhXCMEoVP6PhnXJ4hfSJotFXFYa2ul7c9g%2B51wrGhZCdWJehq5ZPLAAAiCRBjdpPUbfi2DGfeyeNKvr24zp8U07lkZiDCmNnRD6ItBtGulQji0ZMR1ezXw%2BIzc1oyhz%2BwiefpPX8y%2B0Cgo4jwNvWPunfc3GKD%2BnaaCE8QXWDt3zMz%2BC8EQMtp5Qdz3TvKWlTJbujex%2BzkD7sbcKUUDDOU1A0vfFhFe5GeTDbq%2BX2xnyapqgCGybqKV%2FYKBHGOQskgs9JHlQ%3D%3D","environmentVariables":{"FIREBASE_CONFIG":"{\"projectId\":\"catch-72b09\",\"storageBucket\":\"catch-72b09.firebasestorage.app\"}","GCLOUD_PROJECT":"catch-72b09","EVENTARC_CLOUD_EVENT_SOURCE":"projects/catch-72b09/locations/us-central1/functions/validateCatch"},"runtime":"nodejs20","ingressSettings":"ALLOW_ALL","buildId":"2a7f9c50-0532-43b8-aecd-7dc22ee035e6","buildEnvironmentVariables":{"GOOGLE_NODE_RUN_SCRIPTS":""},"buildName":"projects/155445952805/locations/us-central1/builds/2a7f9c50-0532-43b8-aecd-7dc22ee035e6","dockerRegistry":"ARTIFACT_REGISTRY","automaticUpdatePolicy":{},"buildServiceAccount":"projects/catch-72b09/serviceAccounts/155445952805-compute@developer.gserviceaccount.com"},"versionId":"2","updateTime":"2025-11-13T01:41:42Z","buildId":"6e3bb234-ded6-4b8e-843b-d5152f5d638f","sourceToken":"3fb1a5c6-4b08-413f-aa64-1d58df15026c","buildName":"projects/155445952805/locations/us-central1/builds/6e3bb234-ded6-4b8e-843b-d5152f5d638f"}}
[debug] [2025-11-13T01:44:42.988Z] Got source token 3fb1a5c6-4b08-413f-aa64-1d58df15026c for region us-central1
[debug] [2025-11-13T01:44:52.990Z] [update-default-us-central1-validateCatch] Retrying task index 0
[debug] [2025-11-13T01:44:52.991Z] Checked if tokens are valid: true, expires at: 1763001881574
[debug] [2025-11-13T01:44:52.991Z] Checked if tokens are valid: true, expires at: 1763001881574
[debug] [2025-11-13T01:44:52.992Z] >>> [apiv2][query] GET https://cloudfunctions.googleapis.com/v1/operations/Y2F0Y2gtNzJiMDkvdXMtY2VudHJhbDEvdmFsaWRhdGVDYXRjaC9WclIzMDF2TWQ0WQ [none]
[debug] [2025-11-13T01:44:53.324Z] <<< [apiv2][status] GET https://cloudfunctions.googleapis.com/v1/operations/Y2F0Y2gtNzJiMDkvdXMtY2VudHJhbDEvdmFsaWRhdGVDYXRjaC9WclIzMDF2TWQ0WQ 200
[debug] [2025-11-13T01:44:53.325Z] <<< [apiv2][body] GET https://cloudfunctions.googleapis.com/v1/operations/Y2F0Y2gtNzJiMDkvdXMtY2VudHJhbDEvdmFsaWRhdGVDYXRjaC9WclIzMDF2TWQ0WQ {"name":"operations/Y2F0Y2gtNzJiMDkvdXMtY2VudHJhbDEvdmFsaWRhdGVDYXRjaC9WclIzMDF2TWQ0WQ","metadata":{"@type":"type.googleapis.com/google.cloud.functions.v1.OperationMetadataV1","target":"projects/catch-72b09/locations/us-central1/functions/validateCatch","type":"UPDATE_FUNCTION","request":{"@type":"type.googleapis.com/google.cloud.functions.v1.CloudFunction","name":"projects/catch-72b09/locations/us-central1/functions/validateCatch","httpsTrigger":{"url":"https://us-central1-catch-72b09.cloudfunctions.net/validateCatch","securityLevel":"SECURE_ALWAYS"},"status":"ACTIVE","entryPoint":"validateCatch","timeout":"60s","availableMemoryMb":256,"serviceAccountEmail":"catch-72b09@appspot.gserviceaccount.com","updateTime":"2025-11-13T01:04:34.630Z","versionId":"1","labels":{"deployment-tool":"cli-firebase","deployment-callable":"true","firebase-functions-hash":"f44487d5a91d453916b43490508a48c8f7a14d30"},"sourceUploadUrl":"https://storage.googleapis.com/uploads-156506351207.us-central1.cloudfunctions.appspot.com/f3257365-155e-45db-9a81-807967da32ef.zip?GoogleAccessId=service-155445952805@gcf-admin-robot.iam.gserviceaccount.com&Expires=1762999901&Signature=h4eZf38JIMi0hEx3HJXKWyykhsmjbkFIHkB2Mlwb3XOG2wKij4OEXHtmIAs3i5kjSMexjk1768wsNaOQhXCMEoVP6PhnXJ4hfSJotFXFYa2ul7c9g%2B51wrGhZCdWJehq5ZPLAAAiCRBjdpPUbfi2DGfeyeNKvr24zp8U07lkZiDCmNnRD6ItBtGulQji0ZMR1ezXw%2BIzc1oyhz%2BwiefpPX8y%2B0Cgo4jwNvWPunfc3GKD%2BnaaCE8QXWDt3zMz%2BC8EQMtp5Qdz3TvKWlTJbujex%2BzkD7sbcKUUDDOU1A0vfFhFe5GeTDbq%2BX2xnyapqgCGybqKV%2FYKBHGOQskgs9JHlQ%3D%3D","environmentVariables":{"FIREBASE_CONFIG":"{\"projectId\":\"catch-72b09\",\"storageBucket\":\"catch-72b09.firebasestorage.app\"}","GCLOUD_PROJECT":"catch-72b09","EVENTARC_CLOUD_EVENT_SOURCE":"projects/catch-72b09/locations/us-central1/functions/validateCatch"},"runtime":"nodejs20","ingressSettings":"ALLOW_ALL","buildId":"2a7f9c50-0532-43b8-aecd-7dc22ee035e6","buildEnvironmentVariables":{"GOOGLE_NODE_RUN_SCRIPTS":""},"buildName":"projects/155445952805/locations/us-central1/builds/2a7f9c50-0532-43b8-aecd-7dc22ee035e6","dockerRegistry":"ARTIFACT_REGISTRY","automaticUpdatePolicy":{},"buildServiceAccount":"projects/catch-72b09/serviceAccounts/155445952805-compute@developer.gserviceaccount.com"},"versionId":"2","updateTime":"2025-11-13T01:44:48Z","buildId":"6e3bb234-ded6-4b8e-843b-d5152f5d638f","sourceToken":"3fb1a5c6-4b08-413f-aa64-1d58df15026c","buildName":"projects/155445952805/locations/us-central1/builds/6e3bb234-ded6-4b8e-843b-d5152f5d638f"},"done":true,"response":{"@type":"type.googleapis.com/google.cloud.functions.v1.CloudFunction","name":"projects/catch-72b09/locations/us-central1/functions/validateCatch","httpsTrigger":{"url":"https://us-central1-catch-72b09.cloudfunctions.net/validateCatch","securityLevel":"SECURE_ALWAYS"},"status":"ACTIVE","entryPoint":"validateCatch","timeout":"60s","availableMemoryMb":256,"serviceAccountEmail":"catch-72b09@appspot.gserviceaccount.com","updateTime":"2025-11-13T01:44:48.146Z","versionId":"2","labels":{"deployment-tool":"cli-firebase","deployment-callable":"true","firebase-functions-hash":"f44487d5a91d453916b43490508a48c8f7a14d30"},"sourceUploadUrl":"https://storage.googleapis.com/uploads-156506351207.us-central1.cloudfunctions.appspot.com/f3257365-155e-45db-9a81-807967da32ef.zip","environmentVariables":{"FIREBASE_CONFIG":"{\"projectId\":\"catch-72b09\",\"storageBucket\":\"catch-72b09.firebasestorage.app\"}","GCLOUD_PROJECT":"catch-72b09","EVENTARC_CLOUD_EVENT_SOURCE":"projects/catch-72b09/locations/us-central1/functions/validateCatch"},"runtime":"nodejs20","ingressSettings":"ALLOW_ALL","buildId":"6e3bb234-ded6-4b8e-843b-d5152f5d638f","buildEnvironmentVariables":{"GOOGLE_NODE_RUN_SCRIPTS":""},"buildName":"projects/155445952805/locations/us-central1/builds/6e3bb234-ded6-4b8e-843b-d5152f5d638f","dockerRegistry":"ARTIFACT_REGISTRY","automaticUpdatePolicy":{},"buildServiceAccount":"projects/catch-72b09/serviceAccounts/155445952805-compute@developer.gserviceaccount.com"}}
[debug] [2025-11-13T01:44:53.325Z] Got source token 3fb1a5c6-4b08-413f-aa64-1d58df15026c for region us-central1
[info] ✔  functions[validateCatch(us-central1)] Successful update operation. 
[debug] [2025-11-13T01:44:53.327Z] Total Function Deployment time: 191896
[debug] [2025-11-13T01:44:53.327Z] 1 Functions Deployed
[debug] [2025-11-13T01:44:53.327Z] 0 Functions Errored
[debug] [2025-11-13T01:44:53.327Z] 0 Function Deployments Aborted
[debug] [2025-11-13T01:44:53.328Z] Average Function Deployment time: 191895
[debug] [2025-11-13T01:44:53.329Z] Checked if tokens are valid: true, expires at: 1763001881574
[debug] [2025-11-13T01:44:53.329Z] Checked if tokens are valid: true, expires at: 1763001881574
[debug] [2025-11-13T01:44:53.329Z] >>> [apiv2][query] GET https://artifactregistry.googleapis.com/v1/projects/catch-72b09/locations/us-central1/repositories/gcf-artifacts [none]
[debug] [2025-11-13T01:44:53.632Z] <<< [apiv2][status] GET https://artifactregistry.googleapis.com/v1/projects/catch-72b09/locations/us-central1/repositories/gcf-artifacts 200
[debug] [2025-11-13T01:44:53.632Z] <<< [apiv2][body] GET https://artifactregistry.googleapis.com/v1/projects/catch-72b09/locations/us-central1/repositories/gcf-artifacts {"name":"projects/catch-72b09/locations/us-central1/repositories/gcf-artifacts","format":"DOCKER","description":"This repository is created and used by Cloud Functions for storing function docker images.","labels":{"goog-managed-by":"cloudfunctions"},"createTime":"2025-11-13T01:03:06.881014Z","updateTime":"2025-11-13T01:42:52.332341Z","mode":"STANDARD_REPOSITORY","sizeBytes":"605397097","vulnerabilityScanningConfig":{"lastEnableTime":"2025-11-13T01:02:55.187204905Z","enablementState":"SCANNING_DISABLED","enablementStateReason":"API containerscanning.googleapis.com is not enabled."},"satisfiesPzi":true,"registryUri":"us-central1-docker.pkg.dev/catch-72b09/gcf-artifacts"}
[warn] ⚠  functions: No cleanup policy detected for repositories in us-central1. This may result in a small monthly bill as container images accumulate over time. 
[error] 
[error] Error: Functions successfully deployed but could not set up cleanup policy in location us-central1. Pass the --force option to automatically set up a cleanup policy or run 'firebase functions:artifacts:setpolicy' to manually set up a cleanup policy.
